crop_name,crop_group,commodity_code,commodity_en,commodity_section,soil_type,soil_ph_range,season,agro_zone,temperature_range,variety_recommendations,estimated_yield
Rice,Cereals and Millets,rice_paddy,Rice / Paddy,agricultural,"Grows well in a wide range of soils; suited to wetland/padasekharam lowlands, coastal saline soils (Pokkali, Kaipad, Kari), upland laterite (Modan), and black cotton soils depending on situation",5.0-8.0,"Virippu (I crop/autumn) - Upland/Modan, purely rainfed, April-May to Sept-Oct",Midland Laterites,Flowering/fertilization: 16-20 C; Ripening: 18-32 C (above 35 C affects grain filling),PTB 28; PTB 29; PTB 30; Suvarnamodan; Annapoorna; Matta Triveni; Swarnaprabha; Rohini; Aiswarya; Vaishak; Harsha,
Rice,Cereals and Millets,rice_paddy,Rice / Paddy,agricultural,"Grows well in a wide range of soils; suited to wetland/padasekharam lowlands, coastal saline soils (Pokkali, Kaipad, Kari), upland laterite (Modan), and black cotton soils depending on situation",5.0-8.0,"Virippu (I crop) - Palliyals (Myals), single crop terraced, April-May to Sept-Oct",Midland Laterites,Flowering/fertilization: 16-20 C; Ripening: 18-32 C (above 35 C affects grain filling),"Short duration: Rohini, Annapoorna, Matta Triveni, Jyothi, Kairali, Kanchana, Harsha, Karthika, Ahalya, Prathyasa; Medium duration: Aswathy, Sabari, Bharathy, Jaya, Aiswarya, Aathira; Long duration: Mahsuri",
Rice,Cereals and Millets,rice_paddy,Rice / Paddy,agricultural,"Grows well in a wide range of soils; suited to wetland/padasekharam lowlands, coastal saline soils (Pokkali, Kaipad, Kari), upland laterite (Modan), and black cotton soils depending on situation",5.0-8.0,"Virippu (I crop/autumn) - Double crop wetlands, semi-dry cultivation, First crop, April-May to Sept-Oct",Midland Laterites,Flowering/fertilization: 16-20 C; Ripening: 18-32 C (above 35 C affects grain filling),"Short duration: Matta Triveni, Annapoorna, Jyothi, Aruna, Makom, Swarnaprabha, Ahalya, Varsha, Rohini, Karthika, Revathi, Remanika, Krishnanjana, Kanchana, Harsha, Kairali, Kunjukunju Varna, Kunjukunju Priya, Prathyasa; Medium duration: Aswathy, Sabari, Bharathy, Jaya, Arathy, Remya, Kanakom, Ranjini, Pavithra, Panchami, Uma, Aathira, Aiswarya, Pavizham, Bhadra; Long duration: Mahsuri",
Rice,Cereals and Millets,rice_paddy,Rice / Paddy,agricultural,"Grows well in a wide range of soils; suited to wetland/padasekharam lowlands, coastal saline soils (Pokkali, Kaipad, Kari), upland laterite (Modan), and black cotton soils depending on situation",5.0-8.0,"Mundakan (II crop/winter) - Double crop wetlands, semi-dry cultivation, Second crop, Sept-Oct to Dec-Jan",Midland Laterites,Flowering/fertilization: 16-20 C; Ripening: 18-32 C (above 35 C affects grain filling),Any of the varieties suggested for first crop season (except Rohini),
Rice,Cereals and Millets,rice_paddy,Rice / Paddy,agricultural,"Grows well in a wide range of soils; suited to wetland/padasekharam lowlands, coastal saline soils (Pokkali, Kaipad, Kari), upland laterite (Modan), and black cotton soils depending on situation",5.0-8.0,"Virippu (I crop/autumn) - Transplanted double/triple crop wetlands, First crop, April-May to Sept-Oct",Midland Laterites,Flowering/fertilization: 16-20 C; Ripening: 18-32 C (above 35 C affects grain filling),"Short duration: Annapoorna, Matta Triveni, Jyothi, Swarna prabha, Kairali, Kanchana, Karthika, Aruna, Makom, Revathi, Remanika, Krishnanjana, Varsha, Rohini, Ahalya, Kunjukunju Varna, Kunjukunju Priya, Prathyasa; Medium duration: Jaya, Sabari, Bharathy, Aswathy, Aathira, Aiswarya, Pavizham, Remya, Kanakom, Ranjini, Pavithra, Panchami, Uma; Long duration: Mangala Mahsuri, Pranava, Mahsuri, Jaiva",
Rice,Cereals and Millets,rice_paddy,Rice / Paddy,agricultural,"Grows well in a wide range of soils; suited to wetland/padasekharam lowlands, coastal saline soils (Pokkali, Kaipad, Kari), upland laterite (Modan), and black cotton soils depending on situation",5.0-8.0,"Mundakan (II crop/winter) - Transplanted double/triple crop wetlands, Second crop, Sept-Oct to Dec-Jan",Midland Laterites,Flowering/fertilization: 16-20 C; Ripening: 18-32 C (above 35 C affects grain filling),"Short duration: Annapoorna, Matta Triveni, Jyothi, Kairali, Kanchana, Karthika, Makom, Revathi, Remanika, Krishnanjana, Kunjukunju Varna, Kunjukunju Priya, Prathyasa; Medium duration: Jaya, Sabari, Bharathy, Aswathy, Aathira, Aiswarya, Pavizham, Remya, Kanakom, Ranjini, Pavithra, Panchami, Uma, Karishma, Sampada, Jaiva; Long duration: Mangala Mahsuri, Karuna, Rasmi, Nila, Makaram, Kumbham, Dhanu, Anashwara, Mahsuri",
Rice,Cereals and Millets,rice_paddy,Rice / Paddy,agricultural,"Grows well in a wide range of soils; suited to wetland/padasekharam lowlands, coastal saline soils (Pokkali, Kaipad, Kari), upland laterite (Modan), and black cotton soils depending on situation",5.0-8.0,"Puncha (III crop/summer) - Transplanted triple crop wetlands, Third crop, Dec-Jan to Mar-Apr",Midland Laterites,Flowering/fertilization: 16-20 C; Ripening: 18-32 C (above 35 C affects grain filling),"Short duration: Annapoorna, Matta Triveni, Jyothi, Aruna, Swarnaprabha, Kairali, Kanchana, Karthika, Makom, Revathi, Remanika, Krishnanjana, Ahalya, Harsha, Varsha, Prathyasa; Medium duration: Jaya, Sabari, Bharathy, Aathira, Aiswarya, Pavizham, Remya, Kanakom, Ranjini, Pavithra, Panchami, Uma, Jaiva",
Rice,Cereals and Millets,rice_paddy,Rice / Paddy,agricultural,"Grows well in a wide range of soils; suited to wetland/padasekharam lowlands, coastal saline soils (Pokkali, Kaipad, Kari), upland laterite (Modan), and black cotton soils depending on situation",5.0-8.0,"Puncha, Kuttanad area, Oct-Nov to Feb-Mar",Coastal Plain,Flowering/fertilization: 16-20 C; Ripening: 18-32 C (above 35 C affects grain filling),"Short duration: Karthika, Makom, Jyothi, Matta Triveni, Annapoorna, Revathi, Remanika, Krishnanjana, Prathyasa; Medium duration: Kanakom, Jaya, Sabari, Bharathy, Ranjini, Pavithra, Panchami, Uma, Gouri, Bhadra, Asha, Pavizham, Sreyas",
Rice,Cereals and Millets,rice_paddy,Rice / Paddy,agricultural,"Grows well in a wide range of soils; suited to wetland/padasekharam lowlands, coastal saline soils (Pokkali, Kaipad, Kari), upland laterite (Modan), and black cotton soils depending on situation",5.0-8.0,"Additional Crop, Kuttanad area, May-June to Aug-Sept",Coastal Plain,Flowering/fertilization: 16-20 C; Ripening: 18-32 C (above 35 C affects grain filling),"Short duration: Karthika, Makom, Aruna, Jyothi, Matta Triveni, Annapoorna, Revathi, Remanika, Krishnanjana, Prathyasa, Sreyas; Medium duration: Pavizham, Remya, Kanakom, Jaya, Sabari, Ranjini, Pavithra, Panchami, Uma",
Rice,Cereals and Millets,rice_paddy,Rice / Paddy,agricultural,"Grows well in a wide range of soils; suited to wetland/padasekharam lowlands, coastal saline soils (Pokkali, Kaipad, Kari), upland laterite (Modan), and black cotton soils depending on situation",5.0-8.0,"Additional Crop, Kari soils, June-July to Sept-Oct",Coastal Plain,Flowering/fertilization: 16-20 C; Ripening: 18-32 C (above 35 C affects grain filling),"Short duration: Krishnanjana, Vyttila 6; Medium duration: Uma, Vyttila 2",
Rice,Cereals and Millets,rice_paddy,Rice / Paddy,agricultural,"Grows well in a wide range of soils; suited to wetland/padasekharam lowlands, coastal saline soils (Pokkali, Kaipad, Kari), upland laterite (Modan), and black cotton soils depending on situation",5.0-8.0,"Mundakan (Kadumkrishi), Kole (single cropped area), Aug-Sept to Dec-Jan",Coastal Plain,Flowering/fertilization: 16-20 C; Ripening: 18-32 C (above 35 C affects grain filling),"Extra short duration: Hraswa; Short duration: Karthika, Makom, Aruna, Jyothi, Onam, Bhagya, Matta Triveni, Annapoorna, Revathi, Remanika, Krishnanjana, Ahalya, Varsha, Swarnaprabha, Kanchana, Kairali, Manupriya, Prathyasa; Medium duration: Pavizham, Remya, Kanakom, Jaya, Ranjini, Pavithra, Panchami, Uma, Bhadra, Aswathy, Sabari, Bharathy, Aiswarya",
Rice,Cereals and Millets,rice_paddy,Rice / Paddy,agricultural,"Grows well in a wide range of soils; suited to wetland/padasekharam lowlands, coastal saline soils (Pokkali, Kaipad, Kari), upland laterite (Modan), and black cotton soils depending on situation",5.0-8.0,"Virippu (I crop/autumn), Pokkali area, May-June to Sept-Oct",Coastal Plain,Flowering/fertilization: 16-20 C; Ripening: 18-32 C (above 35 C affects grain filling),"Vyttila-1, Vyttila-2, Vyttila-3, Vyttila-4, Vyttila-5, Vyttila-6, Vyttila-7, Vyttila-8, Vyttila-9, Vyttila-10, Vyttila-11",
Rice,Cereals and Millets,rice_paddy,Rice / Paddy,agricultural,"Grows well in a wide range of soils; suited to wetland/padasekharam lowlands, coastal saline soils (Pokkali, Kaipad, Kari), upland laterite (Modan), and black cotton soils depending on situation",5.0-8.0,"Oorumundakan, Pokkali area, Aug-Sept to Dec-Jan",Coastal Plain,Flowering/fertilization: 16-20 C; Ripening: 18-32 C (above 35 C affects grain filling),"Late duration: Sagara, Amritha",
Rice,Cereals and Millets,rice_paddy,Rice / Paddy,agricultural,"Grows well in a wide range of soils; suited to wetland/padasekharam lowlands, coastal saline soils (Pokkali, Kaipad, Kari), upland laterite (Modan), and black cotton soils depending on situation",5.0-8.0,"Virippu (I crop/autumn), Kaipad tract, April-May to Sept-Oct",Coastal Plain,Flowering/fertilization: 16-20 C; Ripening: 18-32 C (above 35 C affects grain filling),"Ezhome-1, Ezhome-2, Ezhome-3, Ezhome-4",
Rice,Cereals and Millets,rice_paddy,Rice / Paddy,agricultural,"Grows well in a wide range of soils; suited to wetland/padasekharam lowlands, coastal saline soils (Pokkali, Kaipad, Kari), upland laterite (Modan), and black cotton soils depending on situation",5.0-8.0,"First crop, Deep ill-drained regions of southern Kerala",Coastal Plain,Flowering/fertilization: 16-20 C; Ripening: 18-32 C (above 35 C affects grain filling),"Remya, Arathi, Uma",
Rice,Cereals and Millets,rice_paddy,Rice / Paddy,agricultural,"Grows well in a wide range of soils; suited to wetland/padasekharam lowlands, coastal saline soils (Pokkali, Kaipad, Kari), upland laterite (Modan), and black cotton soils depending on situation",5.0-8.0,"Second crop, Deep ill-drained regions of southern Kerala",Coastal Plain,Flowering/fertilization: 16-20 C; Ripening: 18-32 C (above 35 C affects grain filling),"Kottarakkara-1, Lakshmi, Nila, Makaram, Kumbham, Mangala Mahsuri",
Rice,Cereals and Millets,rice_paddy,Rice / Paddy,agricultural,"Grows well in a wide range of soils; suited to wetland/padasekharam lowlands, coastal saline soils (Pokkali, Kaipad, Kari), upland laterite (Modan), and black cotton soils depending on situation",5.0-8.0,"First crop, Waterlogged and flooded areas",Coastal Plain,Flowering/fertilization: 16-20 C; Ripening: 18-32 C (above 35 C affects grain filling),"IR-5, Pankaj, Jagannath, H4, Mahsuri, Neeraja, Mangala Mahsuri",
Rice,Cereals and Millets,rice_paddy,Rice / Paddy,agricultural,"Grows well in a wide range of soils; suited to wetland/padasekharam lowlands, coastal saline soils (Pokkali, Kaipad, Kari), upland laterite (Modan), and black cotton soils depending on situation",5.0-8.0,"Virippu (I crop/autumn), Onattukara and coastal sandy areas - where HYVs do not come up, April to August",Coastal Plain,Flowering/fertilization: 16-20 C; Ripening: 18-32 C (above 35 C affects grain filling),PTB 23,
Rice,Cereals and Millets,rice_paddy,Rice / Paddy,agricultural,"Grows well in a wide range of soils; suited to wetland/padasekharam lowlands, coastal saline soils (Pokkali, Kaipad, Kari), upland laterite (Modan), and black cotton soils depending on situation",5.0-8.0,"Mundakan (II crop/winter), Onattukara and coastal sandy areas - where HYVs do not come up, Aug-Sept to Dec-Jan",Coastal Plain,Flowering/fertilization: 16-20 C; Ripening: 18-32 C (above 35 C affects grain filling),PTB 20,
Rice,Cereals and Millets,rice_paddy,Rice / Paddy,agricultural,"Grows well in a wide range of soils; suited to wetland/padasekharam lowlands, coastal saline soils (Pokkali, Kaipad, Kari), upland laterite (Modan), and black cotton soils depending on situation",5.0-8.0,"Virippu (I crop/autumn), Onattukara - where HYVs come up well, April to August",Coastal Plain,Flowering/fertilization: 16-20 C; Ripening: 18-32 C (above 35 C affects grain filling),"Short duration: Annapoorna, Matta Triveni, Jyothi, Chinga Bhagya, Rohini, Onam, Aruna, Makom, Karthika, Revathi, Remanika, Krishnanjana, Prathyasa; Medium duration: Jaya, Sabari, Bharathy, Aswathy, Pavizham, Remya, Kanakom, Arathi, Renjini, Pavithra, Panchami, Uma",
Rice,Cereals and Millets,rice_paddy,Rice / Paddy,agricultural,"Grows well in a wide range of soils; suited to wetland/padasekharam lowlands, coastal saline soils (Pokkali, Kaipad, Kari), upland laterite (Modan), and black cotton soils depending on situation",5.0-8.0,"Mundakan (II crop/winter), Onattukara - where HYVs come up well, Aug-Sept to Dec-Jan",Coastal Plain,Flowering/fertilization: 16-20 C; Ripening: 18-32 C (above 35 C affects grain filling),"Short duration: Annapoorna, Matta Triveni, Jyothi, Makom, Karthika, Revathi, Remanika, Krishnanjana; Medium duration: Jaya, Sabari, Bharathy, Aswathy, Bhadra, Asha, Pavizham, Remya, Kanakom, Dhanya, Anaswara, Dhanu (season bound), Ranjini, Pavithra, Panchami, Uma",
Rice,Cereals and Millets,rice_paddy,Rice / Paddy,agricultural,"Grows well in a wide range of soils; suited to wetland/padasekharam lowlands, coastal saline soils (Pokkali, Kaipad, Kari), upland laterite (Modan), and black cotton soils depending on situation",5.0-8.0,"Third crop, Onattukara - where HYVs come up well, Feb-Mar to April",Coastal Plain,Flowering/fertilization: 16-20 C; Ripening: 18-32 C (above 35 C affects grain filling),"Short duration: Annapoorna, Matta Triveni, Rohini, Makom, Revathi, Remanika, Krishnanjana, Prathyasa; Medium duration: Jaya, Sabari, Bharathy, Aswathy, Pavizham, Remya, Kanakom, Ranjini, Pavithra, Panchami, Uma, Karishma",
Rice,Cereals and Millets,rice_paddy,Rice / Paddy,agricultural,"Grows well in a wide range of soils; suited to wetland/padasekharam lowlands, coastal saline soils (Pokkali, Kaipad, Kari), upland laterite (Modan), and black cotton soils depending on situation",5.0-8.0,Poonthalpadam (season not specified in source),Coastal Plain,Flowering/fertilization: 16-20 C; Ripening: 18-32 C (above 35 C affects grain filling),"Neeraja, Swetha, Ponmani",
Rice,Cereals and Millets,rice_paddy,Rice / Paddy,agricultural,"Grows well in a wide range of soils; suited to wetland/padasekharam lowlands, coastal saline soils (Pokkali, Kaipad, Kari), upland laterite (Modan), and black cotton soils depending on situation",5.0-8.0,"Nancha, High ranges, May-June to Oct-Nov",High Hills,Flowering/fertilization: 16-20 C; Ripening: 18-32 C (above 35 C affects grain filling),"Single crop area varieties: Aswathy, Jaya, Sabari, Mahsuri, Bhadra, IR 8, Aathira, Uma, Deepthi",
Rice,Cereals and Millets,rice_paddy,Rice / Paddy,agricultural,"Grows well in a wide range of soils; suited to wetland/padasekharam lowlands, coastal saline soils (Pokkali, Kaipad, Kari), upland laterite (Modan), and black cotton soils depending on situation",5.0-8.0,"Puncha, High ranges, Dec-Jan to Apr-May",High Hills,Flowering/fertilization: 16-20 C; Ripening: 18-32 C (above 35 C affects grain filling),"Single crop area varieties: Aswathy, Jaya, Sabari, Mahsuri, Bhadra, IR 8, Aathira, Uma, Deepthi",
Rice,Cereals and Millets,rice_paddy,Rice / Paddy,agricultural,"Grows well in a wide range of soils; suited to wetland/padasekharam lowlands, coastal saline soils (Pokkali, Kaipad, Kari), upland laterite (Modan), and black cotton soils depending on situation",5.0-8.0,"First crop, High altitude area - double crop areas",High Hills,Flowering/fertilization: 16-20 C; Ripening: 18-32 C (above 35 C affects grain filling),"Aswathy, Jaya, Sabari, Bharathy, Bhadra, Deepthi, Aathira, IR-8, Uma",
Rice,Cereals and Millets,rice_paddy,Rice / Paddy,agricultural,"Grows well in a wide range of soils; suited to wetland/padasekharam lowlands, coastal saline soils (Pokkali, Kaipad, Kari), upland laterite (Modan), and black cotton soils depending on situation",5.0-8.0,"Second crop, High altitude area - double crop areas",High Hills,Flowering/fertilization: 16-20 C; Ripening: 18-32 C (above 35 C affects grain filling),"Aswathy, Jaya, Sabari, Bharathy, Bhadra, Deepthi, Aathira, IR-8, Uma",
Rice,Cereals and Millets,rice_paddy,Rice / Paddy,agricultural,"Grows well in a wide range of soils; suited to wetland/padasekharam lowlands, coastal saline soils (Pokkali, Kaipad, Kari), upland laterite (Modan), and black cotton soils depending on situation",5.0-8.0,"Second crop, Eastern lateritic regions of Kollam and Alappuzha districts",Midland Laterites,Flowering/fertilization: 16-20 C; Ripening: 18-32 C (above 35 C affects grain filling),"Lakshmi, Makaram, Kumbham, Thulam",
Rice,Cereals and Millets,rice_paddy,Rice / Paddy,agricultural,"Grows well in a wide range of soils; suited to wetland/padasekharam lowlands, coastal saline soils (Pokkali, Kaipad, Kari), upland laterite (Modan), and black cotton soils depending on situation",5.0-8.0,"First crop, Koottumundakan system",Midland Laterites,Flowering/fertilization: 16-20 C; Ripening: 18-32 C (above 35 C affects grain filling),"Samyuktha, Swarnaprabha, Vaishak, Karthika, Aiswarya",
Rice,Cereals and Millets,rice_paddy,Rice / Paddy,agricultural,"Grows well in a wide range of soils; suited to wetland/padasekharam lowlands, coastal saline soils (Pokkali, Kaipad, Kari), upland laterite (Modan), and black cotton soils depending on situation",5.0-8.0,"Second crop, Koottumundakan system",Midland Laterites,Flowering/fertilization: 16-20 C; Ripening: 18-32 C (above 35 C affects grain filling),"Makaram, Kumbham",
Rice,Cereals and Millets,rice_paddy,Rice / Paddy,agricultural,"Grows well in a wide range of soils; suited to wetland/padasekharam lowlands, coastal saline soils (Pokkali, Kaipad, Kari), upland laterite (Modan), and black cotton soils depending on situation",5.0-8.0,"First crop, Chittoor black soil (Palakkad)",Palakkad Plain,Flowering/fertilization: 16-20 C; Ripening: 18-32 C (above 35 C affects grain filling),"ASD 16, ASD 17, Mahsuri, Varsha, ADT 43, Ranjini",
Rice,Cereals and Millets,rice_paddy,Rice / Paddy,agricultural,"Grows well in a wide range of soils; suited to wetland/padasekharam lowlands, coastal saline soils (Pokkali, Kaipad, Kari), upland laterite (Modan), and black cotton soils depending on situation",5.0-8.0,"Second crop, Chittoor black soil (Palakkad)",Palakkad Plain,Flowering/fertilization: 16-20 C; Ripening: 18-32 C (above 35 C affects grain filling),"Ponni, Vellaponni, Ponmani, ASD 16, ASD 17, Pranava, Karuna, Swetha, Bhadra",
Maize,Cereals and Millets,,,,"Fertile, well-drained soil",5.5-8.0,Kharif (June-July),General (all zones),,Ganga Hybrid-1; Ganga Hybrid-101; Deccan hybrid; Renjit; Hi-Starch; Kissan Composite; Amber; Vijay; Vikram; Sona; Jawahar,
Maize,Cereals and Millets,,,,"Fertile, well-drained soil",5.5-8.0,Kharif (August-September),General (all zones),,Ganga Hybrid-1; Ganga Hybrid-101; Deccan hybrid; Renjit; Hi-Starch; Kissan Composite; Amber; Vijay; Vikram; Sona; Jawahar,
Maize,Cereals and Millets,,,,"Fertile, well-drained soil",5.5-8.0,"Rabi (January-February,  irrigated)",General (all zones),,Ganga Hybrid-1; Ganga Hybrid-101; Deccan hybrid; Renjit; Hi-Starch; Kissan Composite; Amber; Vijay; Vikram; Sona; Jawahar,
Sorghum,Cereals and Millets,sorghum,Sorghum,agricultural,Fairly tolerant to alkalinity and salinity,,"Kharif (May-August,  rainfed)",General (all zones),Optimum temperature 30 degrees C,Co.1; Co-10; Co-12; Co-17; K-1; K-2; CSH-1 to CSH-4 (Hybrids); Co-11,
Sorghum,Cereals and Millets,sorghum,Sorghum,agricultural,Fairly tolerant to alkalinity and salinity,,"Rabi (January-April,  irrigated)",General (all zones),Optimum temperature 30 degrees C,Co.1; Co-10; Co-12; Co-17; K-1; K-2; CSH-1 to CSH-4 (Hybrids); Co-11,
Ragi,Cereals and Millets,finger_millet,Finger Millet (Ragi),agricultural,Cultivated mostly in red lateritic soils; relatively fertile and well drained soils most suitable,,Main season (June-September),General (all zones),Average temperature of 27 degrees C,PR-202; K-2; Co-2; Co-7; Co-8; Co-9; Co-10,
Ragi,Cereals and Millets,finger_millet,Finger Millet (Ragi),agricultural,Cultivated mostly in red lateritic soils; relatively fertile and well drained soils most suitable,,Late season (July-October),General (all zones),Average temperature of 27 degrees C,PR-202; K-2; Co-2; Co-7; Co-8; Co-9; Co-10,
Ragi,Cereals and Millets,finger_millet,Finger Millet (Ragi),agricultural,Cultivated mostly in red lateritic soils; relatively fertile and well drained soils most suitable,,Summer (December-January to March-April),General (all zones),Average temperature of 27 degrees C,PR-202; K-2; Co-2; Co-7; Co-8; Co-9; Co-10,
Black gram,Pulses,,,,Grown in rice fallows and uplands,,Throughout the year,General (all zones),,T-9; Co-2; S-1; TAU-2; TMV-1; KM-2; Syama; Sumanjana,
Cowpea,Pulses,,,,,,"Kharif (rainfed,  with pre-monsoon showers)",General (all zones),,C-152; S-488; Pusa Phalguni; P-118; Pusa Do Fasli; Krishnamony (PTB-2); V-240; Amba (V-16); GC-827; CO-3; Pournami; Shubhra; Sreya; Hridya; GC-3; RC-101; DCS-47-1; Cowpea DC-15; PGCP-6; PGCP-23; KBC-4; Kanakamony (PTB 1); Anaswara; New Era; V-26; Gujarat V-118; CO-2,
Cowpea,Pulses,,,,,,Rabi (September-December),General (all zones),,C-152; S-488; Pusa Phalguni; P-118; Pusa Do Fasli; Krishnamony (PTB-2); V-240; Amba (V-16); GC-827; CO-3; Pournami; Shubhra; Sreya; Hridya; GC-3; RC-101; DCS-47-1; Cowpea DC-15; PGCP-6; PGCP-23; KBC-4; Kanakamony (PTB 1); Anaswara; New Era; V-26; Gujarat V-118; CO-2,
Cowpea,Pulses,,,,,,Summer (after paddy harvest),General (all zones),,C-152; S-488; Pusa Phalguni; P-118; Pusa Do Fasli; Krishnamony (PTB-2); V-240; Amba (V-16); GC-827; CO-3; Pournami; Shubhra; Sreya; Hridya; GC-3; RC-101; DCS-47-1; Cowpea DC-15; PGCP-6; PGCP-23; KBC-4; Kanakamony (PTB 1); Anaswara; New Era; V-26; Gujarat V-118; CO-2,
French bean,Pulses,,,,Light sandy-loam to clayey-loam soils with good drainage,,"Throughout the year (high ranges,  elevation above 1000 m)",High Hills,Susceptible to ground frost above 1400 m elevation; needs protection Jan-Feb,Kentucky Wonder (pole); Contender; Premier; YCD-1; Arka Komal; Tender Green (bush),8-10 t/ha
Green gram,Pulses,,,,Grown in rice fallows,,Rice fallow (after first or second paddy crop),General (all zones),,Philippines; Madiera; Pusa Baisakhi; NP-24; Co-2; Pusa-8973,
Green pea,Pulses,peas,Peas,horticultural_vegetables,Well-drained loamy and laterite soils,,Rabi (October-November),High Hills,Altitudes above 1000 m; cool season,Bonnevilla; Marksberbsen,
Horse gram,Pulses,,,,"Paddy nurseries after transplantation of second crop, palliyal lands after harvest of first crop, and uplands",,Rabi (September-October),General (all zones),,Co-1; Pattambi Local AK-21; AK-42; Horse gram CRHG-19,
Red gram,Pulses,,,,Almost all soil types not very poor in lime and not subject to waterlogging; optimum in deep loam soils,,"Kharif (June-July,  mixed crop)",General (all zones),18-30 degrees C,SA 1,
Red gram,Pulses,,,,Almost all soil types not very poor in lime and not subject to waterlogging; optimum in deep loam soils,,Rice fallow (after mundakan crop),General (all zones),18-30 degrees C,SA 1,
Soybean,Pulses,,,,Well-drained sandy or clay loams and alluviums with good fertility,,"Kharif (onset of south-west monsoon,  May-June)",General (all zones),Optimum temperature 25-30 degrees C,Bragg; JN-2750; EC-2661,
Elephant foot yam,Tubers,,,,Well-drained soil of medium texture,,February-March,General (all zones),,Sree Padma; Sree Athira,
Xanthosoma,Tubers,,,,"Wide variety of soils except hard clay or pure sands; deep, well-drained, fertile loamy soil",5.5-6.5,February-March to November-December (rainfed),General (all zones),13 to 29 degrees C (mean soil temperature above 20 degrees C),Konkan Haritparni,
Xanthosoma,Tubers,,,,"Wide variety of soils except hard clay or pure sands; deep, well-drained, fertile loamy soil",5.5-6.5,Throughout the year (irrigated),General (all zones),13 to 29 degrees C (mean soil temperature above 20 degrees C),Konkan Haritparni,
Colocasia,Tubers,,,,Well-drained soil suitable for uniform development of tubers,,May-June to October-November (rainfed),General (all zones),,Sree Rashmi; Sree Pallavi; Sree Kiran,
Colocasia,Tubers,,,,Well-drained soil suitable for uniform development of tubers,,Throughout the year (irrigated),General (all zones),,Sree Rashmi; Sree Pallavi; Sree Kiran,
Greater yam,Tubers,,,,"Loose, deep, well-drained, fertile soil",,March-April,General (all zones),Around 30 degrees C,Sree Keerthi; Sree Roopa; Indu; Sree Shilpa; Sree Karthika; Sree Swathy; Sree Neelima; Sree Nidhi; Sree Hima,
Lesser yam,Tubers,,,,"Loose, deep, well-drained, fertile soil (similar agro-climatic situation as greater yam)",,March-April,General (all zones),,Sree Latha; Sree Kala,20-25 t/ha
White yam,Tubers,,,,,,,General (all zones),,Sree Subhra; Sree Priya; Sree Dhanya; Sree Haritha; Sree Swetha,
Sweet potato,Tubers,,,,Variety of soils with good drainage; grows best in fertile sandy loam soils; heavy clayey and very light sandy soils not suitable,3.5-6.5,June-July (rainfed),General (all zones),Mean temperature about 22 degrees C,H-41; H-42; Sree Nandini; Sree Vardhini; Sree Rethna; Sree Bhadra; Kanjanghad; Sree Arun; Sree Varun; Sree Kanaka; Badrakali Chuvala; Kottayam Chuvala; Chinavella; Chakaravalli; Anakomban,
Sweet potato,Tubers,,,,Variety of soils with good drainage; grows best in fertile sandy loam soils; heavy clayey and very light sandy soils not suitable,3.5-6.5,September-October (rainfed),General (all zones),Mean temperature about 22 degrees C,H-41; H-42; Sree Nandini; Sree Vardhini; Sree Rethna; Sree Bhadra; Kanjanghad; Sree Arun; Sree Varun; Sree Kanaka; Badrakali Chuvala; Kottayam Chuvala; Chinavella; Chakaravalli; Anakomban,
Sweet potato,Tubers,,,,Variety of soils with good drainage; grows best in fertile sandy loam soils; heavy clayey and very light sandy soils not suitable,3.5-6.5,October-November (irrigated - uplands),General (all zones),Mean temperature about 22 degrees C,H-41; H-42; Sree Nandini; Sree Vardhini; Sree Rethna; Sree Bhadra; Kanjanghad; Sree Arun; Sree Varun; Sree Kanaka; Badrakali Chuvala; Kottayam Chuvala; Chinavella; Chakaravalli; Anakomban,
Sweet potato,Tubers,,,,Variety of soils with good drainage; grows best in fertile sandy loam soils; heavy clayey and very light sandy soils not suitable,3.5-6.5,January-February (irrigated - low lands),General (all zones),Mean temperature about 22 degrees C,H-41; H-42; Sree Nandini; Sree Vardhini; Sree Rethna; Sree Bhadra; Kanjanghad; Sree Arun; Sree Varun; Sree Kanaka; Badrakali Chuvala; Kottayam Chuvala; Chinavella; Chakaravalli; Anakomban,
Tapioca,Tubers,tapioca_cassava; tapioca_tuber,Tapioca / Cassava; Tapioca,agricultural; horticultural_tubers,"Well-drained laterite, gravelly and sandy loam soils; heavy and rocky soils less suitable",,April-May (onset of southwest monsoon),General (all zones),,H-97; H-165; H-226; M-4; Sree Visakham; Sree Sahya; Sree Prakash; Kalpaka; Sree Jaya; Sree Vijaya; Sree Harsha; Nidhi; Vellayani Hraswa; Sree Rekha; Sree Prabha; KAU Uthama; Sree Apoorva; Sree Pavithra; Sree Swarna; Sree Reksha; Sree Sakthi; Sree Suvarna,"40-50 t/ha raw tuber (hybrid varieties H-226, H-97, H-165)"
Tapioca,Tubers,tapioca_cassava; tapioca_tuber,Tapioca / Cassava; Tapioca,agricultural; horticultural_tubers,"Well-drained laterite, gravelly and sandy loam soils; heavy and rocky soils less suitable",,September-October (onset of northeast monsoon),General (all zones),,H-97; H-165; H-226; M-4; Sree Visakham; Sree Sahya; Sree Prakash; Kalpaka; Sree Jaya; Sree Vijaya; Sree Harsha; Nidhi; Vellayani Hraswa; Sree Rekha; Sree Prabha; KAU Uthama; Sree Apoorva; Sree Pavithra; Sree Swarna; Sree Reksha; Sree Sakthi; Sree Suvarna,"40-50 t/ha raw tuber (hybrid varieties H-226, H-97, H-165)"
Tapioca,Tubers,tapioca_cassava; tapioca_tuber,Tapioca / Cassava; Tapioca,agricultural; horticultural_tubers,"Well-drained laterite, gravelly and sandy loam soils; heavy and rocky soils less suitable",,February-April (irrigated),General (all zones),,H-97; H-165; H-226; M-4; Sree Visakham; Sree Sahya; Sree Prakash; Kalpaka; Sree Jaya; Sree Vijaya; Sree Harsha; Nidhi; Vellayani Hraswa; Sree Rekha; Sree Prabha; KAU Uthama; Sree Apoorva; Sree Pavithra; Sree Swarna; Sree Reksha; Sree Sakthi; Sree Suvarna,"40-50 t/ha raw tuber (hybrid varieties H-226, H-97, H-165)"
Coleus,Tubers,,,,Well-drained medium fertile soil,,July-October,General (all zones),,Nidhi; Sree Dhara; Suphala,
Cashew,Commercial Crops,,,,"Adapted to almost all types of soils from sandy to laterite; grows and yields best in well-drained red sandy loams and light coastal sands; heavy clay soils, poor drainage, very low temperature and frost are unsuitable",,"Onset of southwest monsoon (June-July, main planting of grafts)",Coastal Plain,"Grown up to an elevation of 600-700 m including wastelands of low fertility; heavy clay soils, poor drainage, very low temperature and frost unsuitable",Anakkayam-1 (BLA 139-1); Madakkathara-1 (BLA 39-4); Vridhachalam-3 (M 26/2); Kanaka (H-1598); Dhana (H-1608); K-22-1; Dharasree (H-3-17); Priyanka (H-1591); Amrutha (H-1597); Anagha (H8-1); Akshaya (H7-6); Madakkathara-2 (NDR 2-1); Sulabha (K10-2); Damodar (H1600); Raghav (H1610); Poornima; Sree; KAU Nihara,"2.00-23.78 kg/tree/year (mean yield, variety-dependent, Table 15)"
Cashew,Commercial Crops,,,,"Adapted to almost all types of soils from sandy to laterite; grows and yields best in well-drained red sandy loams and light coastal sands; heavy clay soils, poor drainage, very low temperature and frost are unsuitable",,"Onset of southwest monsoon (June-July, main planting of grafts)",Midland Laterites,"Grown up to an elevation of 600-700 m including wastelands of low fertility; heavy clay soils, poor drainage, very low temperature and frost unsuitable",Anakkayam-1 (BLA 139-1); Madakkathara-1 (BLA 39-4); Vridhachalam-3 (M 26/2); Kanaka (H-1598); Dhana (H-1608); K-22-1; Dharasree (H-3-17); Priyanka (H-1591); Amrutha (H-1597); Anagha (H8-1); Akshaya (H7-6); Madakkathara-2 (NDR 2-1); Sulabha (K10-2); Damodar (H1600); Raghav (H1610); Poornima; Sree; KAU Nihara,"2.00-23.78 kg/tree/year (mean yield, variety-dependent, Table 15)"
Cashew,Commercial Crops,,,,"Adapted to almost all types of soils from sandy to laterite; grows and yields best in well-drained red sandy loams and light coastal sands; heavy clay soils, poor drainage, very low temperature and frost are unsuitable",,"Onset of southwest monsoon (June-July, main planting of grafts)",Foothills,"Grown up to an elevation of 600-700 m including wastelands of low fertility; heavy clay soils, poor drainage, very low temperature and frost unsuitable",Anakkayam-1 (BLA 139-1); Madakkathara-1 (BLA 39-4); Vridhachalam-3 (M 26/2); Kanaka (H-1598); Dhana (H-1608); K-22-1; Dharasree (H-3-17); Priyanka (H-1591); Amrutha (H-1597); Anagha (H8-1); Akshaya (H7-6); Madakkathara-2 (NDR 2-1); Sulabha (K10-2); Damodar (H1600); Raghav (H1610); Poornima; Sree; KAU Nihara,"2.00-23.78 kg/tree/year (mean yield, variety-dependent, Table 15)"
Cashew,Commercial Crops,,,,"Adapted to almost all types of soils from sandy to laterite; grows and yields best in well-drained red sandy loams and light coastal sands; heavy clay soils, poor drainage, very low temperature and frost are unsuitable",,"Onset of southwest monsoon (June-July, main planting of grafts)",High Hills,Upper limit of cashew cultivation is 600-700 m elevation; suitability declines toward the top of this range as it approaches the High Hills threshold,Anakkayam-1 (BLA 139-1); Madakkathara-1 (BLA 39-4); Vridhachalam-3 (M 26/2); Kanaka (H-1598); Dhana (H-1608); K-22-1; Dharasree (H-3-17); Priyanka (H-1591); Amrutha (H-1597); Anagha (H8-1); Akshaya (H7-6); Madakkathara-2 (NDR 2-1); Sulabha (K10-2); Damodar (H1600); Raghav (H1610); Poornima; Sree; KAU Nihara,"2.00-23.78 kg/tree/year (mean yield, variety-dependent, Table 15)"
Cotton,Commercial Crops,,,,Grown in a wide variety of soils; a deep homogeneous fertile soil is desirable,,Winter crop (August-September),General (all zones),Grown from sea level to moderate elevations not exceeding 1000 m; tropical climate with rainfall 500-750 mm; excessive rain at any stage is harmful,MCU 5 / MCU 5 VT; TCHB 213 (hybrid); Savita (hybrid); LRA 5166,
Cotton,Commercial Crops,,,,Grown in a wide variety of soils; a deep homogeneous fertile soil is desirable,,Summer crop (February-March),General (all zones),Grown from sea level to moderate elevations not exceeding 1000 m; tropical climate with rainfall 500-750 mm; excessive rain at any stage is harmful,MCU 5 / MCU 5 VT; TCHB 213 (hybrid); Savita (hybrid); LRA 5166,
Rubber,Commercial Crops,rubber,Rubber,agricultural,Soils of the traditional belt are highly weathered laterite and lateritic types; red and alluvial soils also found in some areas; deep well-drained soils free from underlying sheet rock are well suited,,Onset of monsoon (main field planting),Coastal Plain,Cultivated from sea level up to an altitude of 500 m; major rubber tract experiences a monsoon climate with annual rainfall ranging from 2000-4500 mm,RRII 105; RRII 430; RRII 414; RRII 417; RRII 422; PB 260; RRIM 600; GT 1; RRII 5; RRII 203; PB 28/59; PB 217; PB 255; PB 280; PB 312; PB 314,
Rubber,Commercial Crops,rubber,Rubber,agricultural,Soils of the traditional belt are highly weathered laterite and lateritic types; red and alluvial soils also found in some areas; deep well-drained soils free from underlying sheet rock are well suited,,Onset of monsoon (main field planting),Midland Laterites,Cultivated from sea level up to an altitude of 500 m; major rubber tract experiences a monsoon climate with annual rainfall ranging from 2000-4500 mm,RRII 105; RRII 430; RRII 414; RRII 417; RRII 422; PB 260; RRIM 600; GT 1; RRII 5; RRII 203; PB 28/59; PB 217; PB 255; PB 280; PB 312; PB 314,
Rubber,Commercial Crops,rubber,Rubber,agricultural,Soils of the traditional belt are highly weathered laterite and lateritic types; red and alluvial soils also found in some areas; deep well-drained soils free from underlying sheet rock are well suited,,Onset of monsoon (main field planting),Foothills,Cultivated from sea level up to an altitude of 500 m (upper limit of the traditional rubber tract falls within the Foothills range); major rubber tract experiences a monsoon climate with annual rainfall ranging from 2000-4500 mm,RRII 105; RRII 430; RRII 414; RRII 417; RRII 422; PB 260; RRIM 600; GT 1; RRII 5; RRII 203; PB 28/59; PB 217; PB 255; PB 280; PB 312; PB 314,
Rubber,Commercial Crops,rubber,Rubber,agricultural,Soils of the traditional belt are highly weathered laterite and lateritic types; red and alluvial soils also found in some areas; deep well-drained soils free from underlying sheet rock are well suited,,Not applicable - rubber is not recommended for cultivation in this zone,High Hills,Rubber is cultivated only from sea level up to an altitude of 500 m; the crop does not generally suit High Hills (>600 m) conditions,,Not applicable - unsuitable zone
Sugarcane,Commercial Crops,,,,"Grows well on medium heavy soils, but can also be raised on lighter soils and heavy clays provided there is adequate irrigation; well-drained soils preferred; black soils occur in the Palakkad tract",,"October-December (normal planting season, plains and semi-arid tract)",General (all zones),Grows best in tropical regions receiving a rainfall of 750-1200 mm,CoTI 1358 (Abhay); CoTI 1153 (Aromal); Co TI 88322 (Madhuri); Co 92175; Co 740; Co 6907; Co 7405; Cul 57/84 (Thirumadhuram); Cul 527/85 (Madhurima); Co 88017 (Madhumathi),
Sugarcane,Commercial Crops,,,,"Grows well on medium heavy soils, but can also be raised on lighter soils and heavy clays provided there is adequate irrigation; well-drained soils preferred; black soils occur in the Palakkad tract",,"October-December, with fertilizer schedule specified for the Chittoor tract",Palakkad Plain,Grows best in tropical regions receiving a rainfall of 750-1200 mm,CoTI 1358 (Abhay); CoTI 1153 (Aromal); Co TI 88322 (Madhuri); Co 92175; Co 740; Co 6907; Co 7405; Cul 57/84 (Thirumadhuram); Cul 527/85 (Madhurima); Co 88017 (Madhumathi),
Sugarcane,Commercial Crops,,,,"Grows well on medium heavy soils, but can also be raised on lighter soils and heavy clays provided there is adequate irrigation; well-drained soils preferred; black soils occur in the Palakkad tract",,First fortnight of January (ideal time in deltaic areas),Coastal Plain,Grows best in tropical regions receiving a rainfall of 750-1200 mm,CoTI 1358 (Abhay); CoTI 1153 (Aromal); Co TI 88322 (Madhuri); Co 92175; Co 740; Co 6907; Co 7405; Cul 57/84 (Thirumadhuram); Cul 527/85 (Madhurima); Co 88017 (Madhumathi),
Sugarcane,Commercial Crops,,,,"Grows well on medium heavy soils, but can also be raised on lighter soils and heavy clays provided there is adequate irrigation; well-drained soils preferred; black soils occur in the Palakkad tract",,"After abatement of heavy rains (hilly tracts, under rainfed conditions)",Foothills,Grows best in tropical regions receiving a rainfall of 750-1200 mm; hilly tracts cultivation described,CoTI 1358 (Abhay); CoTI 1153 (Aromal); Co TI 88322 (Madhuri); Co 92175; Co 740; Co 6907; Co 7405; Cul 57/84 (Thirumadhuram); Cul 527/85 (Madhurima); Co 88017 (Madhumathi),
Coconut,Oil Seeds,coconut,Coconut,agricultural,"Grown in different soil types such as laterite, coastal sandy, alluvial and reclaimed marshy lowland soils; tolerates salinity; select sites with deep (not less than 1.5 m) well-drained soil, avoid shallow soils with underlying hard rock, low-lying areas subject to water stagnation and heavy clayey soils",5.0-8.0,May (planting with onset of pre-monsoon rains),Coastal Plain,Equatorial climate with high humidity; ideal mean annual temperature 27 deg C with 5-7 deg diurnal variation; well-distributed rainfall of 1300-2300 mm per annum preferred,"West Coast Tall (WCT); Lakshadweep Ordinary (Chandrakalpa); Philippines Ordinary; Andaman Ordinary; Java; Cochin China; Chowghat Orange Dwarf (tender nut variety); Keramadhura (tender nut/copra); Kerasulabha; Hybrids: Lakshaganga, Anandaganga, Keraganga, Kerasankara, Chandrasankara, Kerasree, Kerasoubaghya, Chandralaksha; Kalpa Vardhini and Kalpa Poshak nutrient formulations recommended to enhance yield/nut setting of WCT and DXT hybrid palms grown in Coastal Plain zone; boron correction (borax 40 g/palm) recommended for coastal plain zone","Keramadhura: 119 nuts/palm/year, copra yield 196 g/nut; Kerasulabha: copra content 218 g/nut; Mother palm selection criterion: not less than 80 nuts/palm/annum"
Coconut,Oil Seeds,coconut,Coconut,agricultural,Reclaimed clayey/marshy lowland soils (as in Kuttanad),5.0-8.0,September (planting in low-lying areas after cessation of heavy rains),Coastal Plain,Equatorial climate with high humidity; ideal mean annual temperature 27 deg C; rainfall 1300-2300 mm per annum,West Coast Tall; Lakshadweep Ordinary; recommended hybrids for general cultivation,
Coconut,Oil Seeds,coconut,Coconut,agricultural,Sandy and sandy loam soils of Onattukara tract,5.0-8.0,May (planting),Coastal Plain,Equatorial climate with high humidity; rainfall 1300-2300 mm per annum,Hybrid palms (DxT); West Coast Tall,
Coconut,Oil Seeds,coconut,Coconut,agricultural,Red loam soils,5.0-8.0,May (planting),Midland Laterites,Equatorial climate with high humidity; rainfall 1300-2300 mm per annum,West Coast Tall; recommended hybrids,
Coconut,Oil Seeds,coconut,Coconut,agricultural,Lateritic gravelly soils of north Kerala rainfed tracts (closer spacing to accommodate 250 palms/ha),5.0-8.0,May (planting),Midland Laterites,Equatorial climate with high humidity; rainfall 1300-2300 mm per annum,West Coast Tall; hybrids,
Coconut,Oil Seeds,coconut,Coconut,agricultural,Root (wilt) affected areas -- laterite/midland soils,5.0-8.0,April (planting under assured irrigation),Midland Laterites,Equatorial climate with high humidity; rainfall 1300-2300 mm per annum,Chandrasankara and Kalparaksha (recommended for root-wilt affected areas due to superior performance over WCT); disease tolerant/high yielding hybrids for replanting rogued palms,
Coconut,Oil Seeds,coconut,Coconut,agricultural,General well-drained soils (upland/foothill tracts),5.0-8.0,May (planting),Foothills,Equatorial climate with high humidity; rainfall 1300-2300 mm per annum,West Coast Tall; general recommended hybrids,
Coconut,Oil Seeds,coconut,Coconut,agricultural,General well-drained soils of high ranges,5.0-8.0,May (planting),High Hills,Equatorial climate with high humidity; rainfall 1300-2300 mm per annum; irrigation interval 3-9 days depending on soil texture (AEU basis),West Coast Tall; general recommended hybrids,
Coconut,Oil Seeds,coconut,Coconut,agricultural,General well-drained soils of Palakkad plain,5.0-8.0,May (planting),Palakkad Plain,Equatorial climate with high humidity; rainfall 1300-2300 mm per annum; irrigation interval 3-6 days depending on soil texture (AEU basis),West Coast Tall; general recommended hybrids,
Groundnut,Oil Seeds,,,,"Sandy loam and loam soils; grown as floor crop in coconut gardens, intercrop with tapioca, and catch crop after second paddy",,Rainfed: May-June to September-October,General (all zones),,"TMV-2 (bunch, 110 days); TMV-7 (bunch, 110 days); TG-3 (bunch, 100-110 days); TG-14 (bunch, 105-115 days); Spanish Improved (100-110 days); Sneha (bunch, early); Snigtha (bunch, early); TG-3, TMV-2 and TMV-7 recommended as intercrops in coconut gardens",
Groundnut,Oil Seeds,,,,Sandy loam and loam soils,,Irrigated: January to May,General (all zones),,TMV-2; TMV-7; TG-3; TG-14; Spanish Improved; Sneha; Snigtha,
Oilpalm,Oil Seeds,,,,"Wide range of tropical soils; adult palms can withstand occasional waterlogging, but extremely sandy and hard lateritic soils should be avoided",,May-June (planting at onset of monsoon; nursery seed sowing/handling year-round),General (all zones),Mean maximum temperature of 30-32 deg C; requires an average of at least five hours of sunlight per day; well-distributed annual rainfall of 200 cm or more; can tolerate two to four months of dry spell,Tenera (hybrid between Dura and Pisifera) -- the only variety recommended for commercial cultivation,
Sesame,Oil Seeds,sesame,Sesame,agricultural,Well-drained sandy loam soils; coarse sandy soils and alkaline/saline soils not suited,,Lowland paddy field (third crop): December-April,Coastal Plain,,"Kayamkulam-1 (suitable for lowlands of Onattukara); Kayamkulam-2/Thilothama (rice fallows of Onattukara, leaf spot resistant); ACV-1/Soma (summer fallows of Onattukara); ACV-3/Thilak (summer fallows of Onattukara); Thilathara (summer rice fallows of Onattukara, oil 51.5%, duration 78 days); Thilarani (summer rice fallows of Onattukara); varieties of 80-99 days duration recommended for lowland",
Sesame,Oil Seeds,sesame,Sesame,agricultural,Well-drained sandy loam soils; coarse sandy soils and alkaline/saline soils not suited,,Uplands: August-December,Coastal Plain,,"ACV-2/Surya (pure line selection suited for uplands); OMT-1165 (suited to uplands of Onattukara, rabi season, oil 50.5%); varieties of long duration 100-110 days recommended for uplands",
Cardamom,Spices and Condiments,cardamom,Cardamom,agricultural,"Forest loam soils rich in available phosphorus and potassium; raised mainly on well drained, deep, good textured soils rich in humus",,"Onset of southwest monsoon (main field planting, before heavy rains)",High Hills,Temperature range 10-35 degC; altitude 600-1200 m above MSL; annual rainfall 1500-4000 mm (some cultivars suited to 600-1000 m with rainfall about 1500-3500 mm),ICRI-1; ICRI-2; PV-1; PV-2; ISSR Vijetha; Appangala 2; IISR Avinash; Cardamom-KAU PV 5,"IISR Avinash: average dry capsule yield 847 kg/ha, potential yield 1483 kg/ha; Appangala 2: average dry capsule yield 927.29 kg/ha"
Cinnamon,Spices and Condiments,cinnamon,Cinnamon,agricultural,"Well-drained, deep sandy soil rich in humus; marshy areas and hard laterites should be avoided",,Southwest monsoon (planting of 1-2 year old seedlings in main field),General (all zones),Grows in areas up to an altitude of about 1800 m; humid tropical evergreen rain forest conditions favour best growth,Navasree; Nithyasree; Sugandini,
Clove,Spices and Condiments,,,,Deep loam soils with high humus content; black loams of semi-forest regions with good drainage,,May-June,General (all zones),Warm humid tropical climate; annual rainfall 150-250 cm; grows well from mean sea level up to an altitude of 800-900 m,,
Clove,Spices and Condiments,,,,Deep loam soils with high humus content; black loams of semi-forest regions with good drainage,,August-September,General (all zones),Warm humid tropical climate; annual rainfall 150-250 cm; grows well from mean sea level up to an altitude of 800-900 m,,
Vanilla,Spices and Condiments,,,,Varied soils from sandy loam to laterites; uncleared jungle areas with rich humus layer are ideal,,Onset of monsoon rains (planting of shoot cuttings),General (all zones),Tropical orchid requiring warm climate with frequent rains; annual rainfall 150-300 cm; requires filtered sunlight/shade,,
Ginger,Spices and Condiments,ginger,Ginger,agricultural,Rich soil with high humus content; soils with good drainage are preferred; cannot withstand waterlogging,,"First fortnight of April, after receipt of pre-monsoon showers (rainfed)",Midland Laterites,Tropical plant adapted for cultivation even in regions of subtropical climate such as the high ranges; shade tolerant/loving crop,Athira; Karthika; Aswathy; IISR-Varada; IISR-Rejatha; IISR-Mahima; Maran; Wayanad; Manantoddy; Himachal; Valluvanad; Kuruppampady; Rio-De-Janeiro; China; Wayanad Local; KAU Chandra; KAU Chitra,
Ginger,Spices and Condiments,ginger,Ginger,agricultural,Rich soil with high humus content; soils with good drainage are preferred; cannot withstand waterlogging,,"Middle of February (irrigated, for vegetable ginger)",Midland Laterites,Tropical plant adapted for cultivation even in regions of subtropical climate such as the high ranges; shade tolerant/loving crop,Athira; Karthika; Aswathy; IISR-Varada; IISR-Rejatha; IISR-Mahima; Maran; Wayanad; Manantoddy; Himachal; Valluvanad; Kuruppampady; Rio-De-Janeiro; China; Wayanad Local; KAU Chandra; KAU Chitra,
Mango ginger,Spices and Condiments,,,,Tropical soils with good drainage,,April (with commencement of pre-monsoon showers),General (all zones),,Amba (local varieties commonly used in Kerala),
Nutmeg,Spices and Condiments,nutmeg,Nutmeg,agricultural,Soil rich in organic matter and well drained; partial shade preferred; sheltered valleys best suited,,Onset of southwest monsoon (main field planting),General (all zones),"Hot, humid climate without pronounced dry season; can be grown up to about 900 m above MSL",IISR-Viswashree; KAU Punnathanam (recommended statewide); KAU Pullan (recommended statewide); KAU Kochukudy (Thrissur district); KAU Mundathanam (Palakkad district); KAU Poothara (Kottayam district),
Black pepper,Spices and Condiments,black_pepper,Black Pepper,agricultural,"Light, porous, well-drained soil rich in organic matter; heavy textured soils with inadequate drainage should be avoided; water stagnation is injurious",,April-May (planting of standards/support trees with onset of pre-monsoon showers),General (all zones),"Tolerates minimum 10°C to maximum 40°C, optimum 20-30°C; annual rainfall of 250 cm ideal for proper growth, though can grow in lower rainfall if well distributed; grown from sea level up to an altitude of 1200 m",Panniyur-1; Panniyur-2; Panniyur-3; Panniyur-4; Panniyur-5; Panniyur-6; Panniyur-7; Panniyur-8; Panniyur-9; Panniyur-10; Vijay; Subhakara; Sreekara; Panchami; Pournami; Girimunda; Malabar Excel; IISR Sakthi; IISR Thevam; Karimunda; Neelamundi; Kottanadan; Kuthiravally; Arakulam Munda; Balankotta; Kalluvally,
Black pepper,Spices and Condiments,black_pepper,Black Pepper,agricultural,"Light, porous, well-drained soil rich in organic matter; heavy textured soils with inadequate drainage should be avoided; water stagnation is injurious",,June-July (planting of rooted pepper cuttings with onset of southwest monsoon),General (all zones),"Tolerates minimum 10°C to maximum 40°C, optimum 20-30°C; annual rainfall of 250 cm ideal for proper growth, though can grow in lower rainfall if well distributed; grown from sea level up to an altitude of 1200 m",Panniyur-1; Panniyur-2; Panniyur-3; Panniyur-4; Panniyur-5; Panniyur-6; Panniyur-7; Panniyur-8; Panniyur-9; Panniyur-10; Vijay; Subhakara; Sreekara; Panchami; Pournami; Girimunda; Malabar Excel; IISR Sakthi; IISR Thevam; Karimunda; Neelamundi; Kottanadan; Kuthiravally; Arakulam Munda; Balankotta; Kalluvally,
Turmeric,Spices and Condiments,turmeric,Turmeric,agricultural,Different types of soil under irrigated and rainfed conditions; rich loamy soils with good drainage are ideal,,April (planting with receipt of pre-monsoon showers),General (all zones),,Tekurpetta; Sugantham; Kodur; Armoor; Alleppey; Suvarna; Suguna; Sudarshana; Prabha; Prathibha; Kanthi; Sobha; Sona; Varna; IISR Kedaram; IISR Alleppey Supreme; IISR Pragati,IISR Pragati: average yield 38 t/ha fresh rhizomes (potential yield 52 t/ha under favourable conditions)
Camboge,Spices and Condiments,,,,Big evergreen forest tree adapted to hill tops and plain lands alike; grows well in dry or occasionally waterlogged/flooded soils; performs best in river banks and valleys; suitable for loamy to laterite soil,,Onset of monsoon showers (field planting),General (all zones),,Amrutham; Haritham; KAU Nithya,"KAU Nithya: 740 fruits/tree/year, average fruit weight 88.25 g"
Tamarind,Spices and Condiments,tamarind,Tamarind,agricultural,Adaptable to poor soil also; well-drained soil is a must even in heavy rainfall areas; particularly well adapted to semi-arid tropical regions,,June to November (field planting),General (all zones),,,Stabilized yield of 250 kg/tree obtained from 9-10 years onwards
Arecanut,Beverages and Stimulants,arecanut,Arecanut,agricultural,"Grows in a variety of soils such as laterites, red loams and alluvial; select sites with deep, well-drained soil without a high water table",,Field planting: May-June in well-drained soils; August-September in clayey soils,Coastal Plain,Grows well from almost sea level up to an altitude of 1000 m in areas of abundant and well-distributed rainfall or under irrigated conditions; irrigation requirement 110-150 L/palm at 3-5 day intervals,Mangala; Sumangala; Sreemangala; Mohitnagar; VTLAH1; VTLAH2,
Arecanut,Beverages and Stimulants,arecanut,Arecanut,agricultural,"Grows in a variety of soils such as laterites, red loams and alluvial; select sites with deep, well-drained soil without a high water table",,Field planting: May-June in well-drained soils; August-September in clayey soils,Midland Laterites,Grows well from almost sea level up to an altitude of 1000 m in areas of abundant and well-distributed rainfall or under irrigated conditions; irrigation requirement 130-190 L/palm at 3-7 day intervals,Mangala; Sumangala; Sreemangala; Mohitnagar; VTLAH1; VTLAH2,
Arecanut,Beverages and Stimulants,arecanut,Arecanut,agricultural,"Grows in a variety of soils such as laterites, red loams and alluvial; select sites with deep, well-drained soil without a high water table",,Field planting: May-June in well-drained soils; August-September in clayey soils,Foothills,Grows well from almost sea level up to an altitude of 1000 m in areas of abundant and well-distributed rainfall or under irrigated conditions; irrigation requirement 100-175 L/palm at 4-7 day intervals,Mangala; Sumangala; Sreemangala; Mohitnagar; VTLAH1; VTLAH2,
Arecanut,Beverages and Stimulants,arecanut,Arecanut,agricultural,"Grows in a variety of soils such as laterites, red loams and alluvial; select sites with deep, well-drained soil without a high water table",,Field planting: May-June in well-drained soils; August-September in clayey soils,High Hills,Grows well from almost sea level up to an altitude of 1000 m in areas of abundant and well-distributed rainfall or under irrigated conditions; irrigation requirement 110-200 L/palm at 4-9 day intervals,Mangala; Sumangala; Sreemangala; Mohitnagar; VTLAH1; VTLAH2,
Arecanut,Beverages and Stimulants,arecanut,Arecanut,agricultural,"Grows in a variety of soils such as laterites, red loams and alluvial; select sites with deep, well-drained soil without a high water table",,Field planting: May-June in well-drained soils; August-September in clayey soils,Palakkad Plain,Grows well from almost sea level up to an altitude of 1000 m in areas of abundant and well-distributed rainfall or under irrigated conditions; irrigation requirement 120-210 L/palm at 3-6 day intervals,Mangala; Sumangala; Sreemangala; Mohitnagar; VTLAH1; VTLAH2,
Betel vine,Beverages and Stimulants,,,,"Grows best on well-drained fertile soils; waterlogged, saline and alkali soils are unsuitable; also does very well in lateritic soils",,Edavakodi: planted May-June,General (all zones),Requires a tropical climate with high atmospheric humidity; annual rainfall of 200 to 400 cm is ideal; tolerates a minimum temperature of 10 degC and maximum of 40 degC; extremely low temperature causes leaf fall and hot dry winds are harmful,Thulasi; Venmani; Arikodi; Kalkodi; Karilanchi; Karpuram; Chelanthikarpuram; Koottakkodinandan; Perumkodi; Amaravila; Pramuttan,
Betel vine,Beverages and Stimulants,,,,"Grows best on well-drained fertile soils; waterlogged, saline and alkali soils are unsuitable; also does very well in lateritic soils",,Thulakodi: planted August-September,General (all zones),Requires a tropical climate with high atmospheric humidity; annual rainfall of 200 to 400 cm is ideal; tolerates a minimum temperature of 10 degC and maximum of 40 degC; extremely low temperature causes leaf fall and hot dry winds are harmful,Thulasi; Venmani; Arikodi; Kalkodi; Karilanchi; Karpuram; Chelanthikarpuram; Koottakkodinandan; Perumkodi; Amaravila; Pramuttan,
Cocoa,Beverages and Stimulants,cocoa,Cocoa,agricultural,"Best soil is forest soil rich in humus; soil should allow easy penetration of roots and be capable of retaining moisture during summer; clay loams, loams and sandy loams are suitable; shallow soils should be avoided",,Seeds sown by December-January so that 4-6 month old seedlings are available for planting by May-June,General (all zones),Grown at altitude up to 900 m MSL (possible at higher elevations under sheltered conditions); requires well-distributed rainfall of about 100-150 cm per annum; temperature below 10 degC or above 38 degC is unfavourable,CCRP 1; CCRP 2; CCRP 3; CCRP 4; CCRP 5; CCRP 6; CCRP 7; CCRP 8; CCRP 9; CCRP 10; CCRP 11; CCRP 12; CCRP 13; CCRP 14; CCRP 15; VTLCH 1; VTLCH 2; VTLCH 3; VTLCH 4; VTLCC 1; VTLCS 1; VTLCS 2,"Clones (CCRP 1-7) yield potential 55-180 pods/tree/year with mean yield 38-78 pods/tree/year; Hybrids (CCRP 8-15) mean yields of 90, 105, 79, 114, 138, 99, 120 and 86 pods/tree/year respectively"
Cocoa,Beverages and Stimulants,cocoa,Cocoa,agricultural,"Best soil is forest soil rich in humus; soil should allow easy penetration of roots and be capable of retaining moisture during summer; clay loams, loams and sandy loams are suitable; shallow soils should be avoided",,"In high rainfall zones, April sowing may be taken up so that 4 month old seedlings are available for post-monsoon planting in August",General (all zones),Grown at altitude up to 900 m MSL (possible at higher elevations under sheltered conditions); requires well-distributed rainfall of about 100-150 cm per annum; temperature below 10 degC or above 38 degC is unfavourable,CCRP 1; CCRP 2; CCRP 3; CCRP 4; CCRP 5; CCRP 6; CCRP 7; CCRP 8; CCRP 9; CCRP 10; CCRP 11; CCRP 12; CCRP 13; CCRP 14; CCRP 15; VTLCH 1; VTLCH 2; VTLCH 3; VTLCH 4; VTLCC 1; VTLCS 1; VTLCS 2,"Clones (CCRP 1-7) yield potential 55-180 pods/tree/year with mean yield 38-78 pods/tree/year; Hybrids (CCRP 8-15) mean yields of 90, 105, 79, 114, 138, 99, 120 and 86 pods/tree/year respectively"
Coffee,Beverages and Stimulants,coffee,Coffee,agricultural,"Deep, friable soil rich in organic matter",6.0-6.5,Nursery seed sowing: December-January (Arabica),High Hills,Arabica: elevation 1000-1500 m MSL; annual rainfall 1600-2500 mm; blossom rain March-April (2.5-4.0 cm); backing rain April-May (5-7.5 cm); shade medium to light; temperature 15-25°C; RH 70-80%,"Kents; Coorgs; S.795 (tall); S.288 (tall); Cauvery/Catimor (semi-dwarf); S7/San Ramon 7, 7.1, 7.2, 7.3 (dwarf); Sln 5; Sln 6; Sln 7; Sln 9; Chandragiri",
Coffee,Beverages and Stimulants,coffee,Coffee,agricultural,"Deep, friable soil rich in organic matter",6.0-6.5,Nursery seed sowing: February-March (Robusta),Foothills,Robusta: elevation 500-1000 m MSL; annual rainfall 1000-2000 mm; blossom rain Feb-March (2.0-4.0 cm); backing rain April-May (5-7.5 cm); shade uniform thin; temperature 20-30°C; RH 80-90%,S.274; BR series; CxR (Congensis x Robusta hybrid),
Coffee,Beverages and Stimulants,coffee,Coffee,agricultural,"Deep, friable soil rich in organic matter",6.0-6.5,Nursery seed sowing: February-March (Robusta),High Hills,Robusta: elevation 500-1000 m MSL; annual rainfall 1000-2000 mm; blossom rain Feb-March (2.0-4.0 cm); backing rain April-May (5-7.5 cm); shade uniform thin; temperature 20-30°C; RH 80-90%,S.274; BR series; CxR (Congensis x Robusta hybrid),
Coffee,Beverages and Stimulants,coffee,Coffee,agricultural,"Deep, friable soil rich in organic matter",6.0-6.5,Field planting: June (rooted/bare-root plants) and September-October (bag plants),General (all zones),Chandragiri recommended at elevations of 3000 ft (915 m) and above; all Arabica varieties discouraged in Wayanad,,
Tea,Beverages and Stimulants,,,,Acidic soil (around pH 5.0) with good drainage facility; not prone to frost,"5.0 (approx.; acidic,  ~4.5-5.5 per fertilizer tables)",Planting (Southwest monsoon areas): June-July,High Hills,Maximum temperature 16-32°C; well-distributed rainfall of about 150 cm per annum; RH around 80% (never below 40%),Clones: UPASI-2; UPASI-8; UPASI-9; UPASI-17; TRI-2025; TRF-1; Seedlings: BSS-1; BSS-2,
Tea,Beverages and Stimulants,,,,Acidic soil (around pH 5.0) with good drainage facility; not prone to frost,"5.0 (approx.; acidic,  ~4.5-5.5 per fertilizer tables)",Planting (Northeast monsoon areas): September-October,High Hills,Maximum temperature 16-32°C; well-distributed rainfall of about 150 cm per annum; RH around 80% (never below 40%),Clones: UPASI-2; UPASI-8; UPASI-9; UPASI-17; TRI-2025; TRF-1; Seedlings: BSS-1; BSS-2,
Tobacco,Beverages and Stimulants,,,,Well-drained fertile soil; acidic soils also suitable; sensitive to waterlogging,,October-February,General (all zones),Cold weather crop; optimum temperature range 18-27°C,"Cigarette tobacco; Cigar tobacco; Beedi tobacco; Cheroot tobacco; Chewing tobacco (types, no specific cultivar names given)",
Amaranth,Vegetables,,,,,,Year-round (avoid sowing red-leaved varieties during periods of heavy rain; rainy season planting on raised beds),General (all zones),,Kannara Local; Arun; Krishnasree; KAU Vaika; Co-1; Co-2; Co-3; Mohini; Renusree,
Okra,Vegetables,,,,Reclaimed soils of Kuttanad also suitable (with adjusted N:P2O5:K2O 75:5:15 kg/ha),,February-March,General (all zones),,Pusa Sawani; Pusa Makhmali; IARI Selection 2; Kiran; Salkeerthi; Co-1; Aruna; Arka Anamika; Arka Abhay; Susthira; Anjitha; Manjima,
Okra,Vegetables,,,,Reclaimed soils of Kuttanad also suitable (with adjusted N:P2O5:K2O 75:5:15 kg/ha),,June-July,General (all zones),,Pusa Sawani; Pusa Makhmali; IARI Selection 2; Kiran; Salkeerthi; Co-1; Aruna; Arka Anamika; Arka Abhay; Susthira; Anjitha; Manjima,
Okra,Vegetables,,,,Reclaimed soils of Kuttanad also suitable (with adjusted N:P2O5:K2O 75:5:15 kg/ha),,October-November,General (all zones),,Pusa Sawani; Pusa Makhmali; IARI Selection 2; Kiran; Salkeerthi; Co-1; Aruna; Arka Anamika; Arka Abhay; Susthira; Anjitha; Manjima,
Bitter gourd,Cucurbitaceous Vegetables,bitter_gourd,Bitter Gourd,horticultural_vegetables,Acid alluvial soils of Kerala (variety Priyanka recommended for these soils),,January-March,General (all zones),,Priya; Preethi; Priyanka; Arka Harit,
Bitter gourd,Cucurbitaceous Vegetables,bitter_gourd,Bitter Gourd,horticultural_vegetables,Acid alluvial soils of Kerala (variety Priyanka recommended for these soils),,September-December,General (all zones),,Priya; Preethi; Priyanka; Arka Harit,
Bitter gourd,Cucurbitaceous Vegetables,bitter_gourd,Bitter Gourd,horticultural_vegetables,Acid alluvial soils of Kerala (variety Priyanka recommended for these soils),,"May-June (rainfed crop, sown after receipt of first showers)",General (all zones),,Priya; Preethi; Priyanka; Arka Harit,
Snake gourd,Cucurbitaceous Vegetables,,,,,,January-March,General (all zones),,Kaumudi; Baby; Harithasree; Manusree,
Snake gourd,Cucurbitaceous Vegetables,,,,,,September-December,General (all zones),,Kaumudi; Baby; Harithasree; Manusree,
Cucumber and oriental pickling melon,Cucurbitaceous Vegetables,cucumber,Cucumber,horticultural_vegetables,,,January-March,General (all zones),,Mudicode; Arunima; Saubhagya; Subhra; Heera; Pusa Sheethal; Poinsette; Poona Khira; KAU Vishal; KPCH1,
Cucumber and oriental pickling melon,Cucurbitaceous Vegetables,cucumber,Cucumber,horticultural_vegetables,,,September-December,General (all zones),,Mudicode; Arunima; Saubhagya; Subhra; Heera; Pusa Sheethal; Poinsette; Poona Khira; KAU Vishal; KPCH1,
Cucumber and oriental pickling melon,Cucurbitaceous Vegetables,cucumber,Cucumber,horticultural_vegetables,Sandy soils of the Onattukara tract,,January-March; September-December,Coastal Plain,,Mudicode; Arunima; Saubhagya; Subhra; Heera; Pusa Sheethal; Poinsette; Poona Khira; KAU Vishal; KPCH1,
Water melon,Cucurbitaceous Vegetables,,,,,,December-April,General (all zones),,Sugar Baby; Arka Jyothi; F1-Shonima; F1-Swarna,
Bottle gourd,Cucurbitaceous Vegetables,,,,,,January-March,General (all zones),,Pusa Summer Prolific Long; Arka Bahar,
Bottle gourd,Cucurbitaceous Vegetables,,,,,,September-December,General (all zones),,Pusa Summer Prolific Long; Arka Bahar,
Bottle gourd,Cucurbitaceous Vegetables,,,,,,"May-June (rainfed crop, sown after receipt of first showers)",General (all zones),,Pusa Summer Prolific Long; Arka Bahar,
Pumpkin,Cucurbitaceous Vegetables,,,,,,January-March,General (all zones),,Ambili; Suvarna; Saras; Sooraj,
Pumpkin,Cucurbitaceous Vegetables,,,,,,September-December,General (all zones),,Ambili; Suvarna; Saras; Sooraj,
Pumpkin,Cucurbitaceous Vegetables,,,,,,"May-June (rainfed crop, sown after receipt of first showers)",General (all zones),,Ambili; Suvarna; Saras; Sooraj,
Ash gourd,Cucurbitaceous Vegetables,,,,,,January-March,General (all zones),,KAU Local; Indu; Thara,
Ash gourd,Cucurbitaceous Vegetables,,,,,,September-December,General (all zones),,KAU Local; Indu; Thara,
Ash gourd,Cucurbitaceous Vegetables,,,,,,"May-June (rainfed crop, sown after receipt of first showers)",General (all zones),,KAU Local; Indu; Thara,
Brinjal,Solanaceous Vegetables,,,,,,"May-June (rainfed crop, before onset of southwest monsoon)",General (all zones),,Surya; Swetha; Haritha; Neelima; Pusa Purple Cluster; Ponny,
Brinjal,Solanaceous Vegetables,,,,,,September-October (irrigated crop),General (all zones),,Surya; Swetha; Haritha; Neelima; Pusa Purple Cluster; Ponny,
Chilli,Solanaceous Vegetables,chilli,Chilli,agricultural,,,"May-June (rainfed crop, before onset of southwest monsoon)",General (all zones),,Jwalasakhi; Jwalamukhi; Jwala; Pant C-1; K-2; Vellayani Athulya; Keerthi; Vellayani Thejus; Vellayani Samrudhi; Ujwala; Anugraha,
Chilli,Solanaceous Vegetables,chilli,Chilli,agricultural,,,September-October (irrigated crop),General (all zones),,Jwalasakhi; Jwalamukhi; Jwala; Pant C-1; K-2; Vellayani Athulya; Keerthi; Vellayani Thejus; Vellayani Samrudhi; Ujwala; Anugraha,
Tomato,Solanaceous Vegetables,,,,,,October-November (irrigated crop),General (all zones),,Sakthi; Mukthi; Anagha; Vellayani Vijai; Manulekshmi; Manuprabha; Akshaya,
Vegetable cowpea,Solanaceous Vegetables,,,,Riverine alluvium of Central Travancore (variety KAU Mithra suited),,,General (all zones),,Bhagyalakshmy; Pusa Barsathi; Pusa Komal; Kashi Kanchan; Kairali; Varun; Anaswara; Kanakamony (PTB-1); Arka Garima; Sharika; Malika; KMV-1; Lola; Vyjayanthi; Manjeri Local; Vyalathur Local; Kurutholapayar; Vellayani Jyothika; Geethika; KAU Manjari; KAU Mithra; KAU Deepika,
Cabbage,Cool Season Vegetables,,,,Well drained soil with open sunlight,,October-November,High Hills,Cool season crop; grown successfully in high ranges of Kerala,NS 43; NS 160; NS 183,
Cabbage,Cool Season Vegetables,,,,Well drained soil with open sunlight,,October-November,Midland Laterites,Cool season crop; grown successfully in the plains of Kerala,NS 43; NS 160; NS 183,
Cauliflower,Cool Season Vegetables,,,,Well drained soil with open sunlight,,October-November,High Hills,Cool season crop; grown successfully in high ranges of Kerala,Basant; NS 60; Pusa Meghna,
Cauliflower,Cool Season Vegetables,,,,Well drained soil with open sunlight,,October-November,Midland Laterites,Cool season crop; grown successfully in the plains of Kerala,Basant; NS 60; Pusa Meghna,
Carrot,Cool Season Vegetables,,,,Well-drained sandy loam soil,,August-January,High Hills,Grown in high ranges of Kerala (cool climate),Pusa Kesar; Nantes; Pusa Meghali,
Carrot,Cool Season Vegetables,,,,Well-drained sandy loam soil,,,Midland Laterites,,Pusa Nayanjyothi F1 (suited for commercial cultivation in the tropical plains of Kerala),
Beet root,Cool Season Vegetables,,,,Well-drained sandy loam soil,,August-January,High Hills,Grown in high ranges of Kerala (cool climate),Detroit Dark Red,
Radish,Cool Season Vegetables,,,,Well drained sandy loam soil,,June-January,High Hills,Grown in high ranges of Kerala (cool climate),Japanese White; Arka Nishanth; Pusa Chethki; Pusa Reshmi; Pusa Desi,
Potato,Cool Season Vegetables,,,,"Loose friable sandy loam or silt loam soil, rich in organic matter; hard clay should be avoided",5.2-7.0,Summer (March-April),High Hills,Day temperature of 20-30 degC is optimum for growth and tuberisation; tuber formation is adversely affected if temperature exceeds 30 degC. Cultivated in the rain shadow areas of Idukki district throughout the year,Kufri Jyothi (early); Kufri Muthu (medium); Kufri Dewa (late),
Potato,Cool Season Vegetables,,,,"Loose friable sandy loam or silt loam soil, rich in organic matter; hard clay should be avoided",5.2-7.0,Autumn (August-December),High Hills,Day temperature of 20-30 degC is optimum for growth and tuberisation; tuber formation is adversely affected if temperature exceeds 30 degC. Cultivated in the rain shadow areas of Idukki district throughout the year,Kufri Jyothi (early); Kufri Muthu (medium); Kufri Dewa (late),
Potato,Cool Season Vegetables,,,,"Loose friable sandy loam or silt loam soil, rich in organic matter; hard clay should be avoided",5.2-7.0,Spring (January-February),High Hills,Day temperature of 20-30 degC is optimum for growth and tuberisation; tuber formation is adversely affected if temperature exceeds 30 degC. Cultivated in the rain shadow areas of Idukki district throughout the year,Kufri Jyothi (early); Kufri Muthu (medium); Kufri Dewa (late),
Onion,Cool Season Vegetables,,,,Fertile and well-drained soils,5.8-6.5,October-November,Midland Laterites,Requires a cool climate during vegetative growth and a dry spell during maturity of bulbs; open sunlight essential for good yield,Agri Found Dark Red; Arka Kalyan,6-8 t ha-1
Onion,Cool Season Vegetables,,,,Fertile and well-drained soils,5.8-6.5,October-November,Coastal Plain,Requires a cool climate during vegetative growth and a dry spell during maturity of bulbs; open sunlight essential for good yield,Agrifound Light Red; Arka Pragathi (suited to plains of Kerala),6-8 t ha-1
Garlic,Cool Season Vegetables,,,,"Fertile, well-drained loamy soil; heavy clay soils may result in deformed bulbs",,April-May,High Hills,Requires cool and moist period during vegetative growth and a dry spell during maturity of bulbs,Ooty-1; G 50,5-10 t ha-1
Garlic,Cool Season Vegetables,,,,"Fertile, well-drained loamy soil; heavy clay soils may result in deformed bulbs",,October-November,High Hills,Requires cool and moist period during vegetative growth and a dry spell during maturity of bulbs,Ooty-1; G 50,5-10 t ha-1
Banana,Fruits,banana,Banana,horticultural_fruits,Soils with good fertility and assured supply of moisture are best suited; grown on a wide range of soils,,April-May (rainfed),Midland Laterites,"Optimum temperature 27 deg C; grown from sea level up to 1000 m MSL, and up to 1200 m with poor growth at higher elevations",Nedunendran; Chengalikodan; Manjeri Nendran; Zanzibar; Big Ebanga; Attunendran; Myndoli (Quintal Nendran); Monsmarie; Robusta; Giant Governor; Dwarf Cavendish; Chenkadali; Poovan; Palayankodan; Njalipoovan; Amritsagar; Karpooravally; Poomkalli; Koompillakannan; Chinali; Dudhsagar; BRS-1; BRS-2; Yangambi; Kluai Namwa Khom; Monthan; Batheesa; Kanchikela; Nendrapadathy; Popoulu,"Nendran clone bunch weights (Table 32): Nedunendran 10.50 kg, Chengalikodan 12.60 kg, Zanzibar 11.75 kg, Big Ebanga 12.70 kg, Manjeri Nendran 14.00 kg, Attunendran 26.50 kg, Myndoli 40.50 kg per bunch"
Banana,Fruits,banana,Banana,horticultural_fruits,Soils with good fertility and assured supply of moisture are best suited,,August-September (irrigated),Midland Laterites,Optimum temperature 27 deg C; grown from sea level up to 1000 m MSL,Nendran (irrigated) - recommended N:P2O5:K2O 190:115:300 g/plant/year,
Banana,Fruits,banana,Banana,horticultural_fruits,Sandy soils of the Onattukara tract,,General (all zones),Coastal Plain,Optimum temperature 27 deg C,Njalipoovan,
Banana,Fruits,banana,Banana,horticultural_fruits,Reclaimed alluvial soils of Kuttanad,,"January planting (rainfed,  pot-irrigated at 9 litres/plant once in 15 days until April-May)",Coastal Plain,Optimum temperature 27 deg C,Palayankodan,
Guava,Fruits,guava,Guava,horticultural_fruits,Grows well on any type of soil; red sandy loam soil with good drainage is most ideal for commercial cultivation,,June-July (planting),General (all zones),"Thrives in places receiving medium rainfall not exceeding 100 cm; in heavy rainfall areas plants grow luxuriantly but produce insipid, low quality fruits",Allahabad Safeda; Sardar (Lucknow-49); Red Fleshed; Apple Coloured; Pear Shaped,500-800 fruits per year from a 10-year old tree; layers start bearing 3-4 years after planting
Indian gooseberry,Fruits,,,,Quite hardy; can be grown with little care in all types of soil except very sandy type,,Rainy season (planting of seedlings),General (all zones),Prefers a warm dry climate; found in the dry deciduous forests of Kerala,Chambakad Large; Banarasi; Krishna; Kanchan,"30-50 kg per tree per year when full grown; seedlings bear from 10th year, grafts from 3-4 years"
Jack,Fruits,jackfruit,Jackfruit,horticultural_fruits,Soil should be deep and well drained; any rise in water table or poor aeration is detrimental,,Onset of monsoon showers (planting of grafts),General (all zones),Comes up well in humid regions up to an elevation of 1000 m,Muttom Varikka; Singapore/Srilanka jack; Sindhoor; Pechiparai 1-A,50-100 fruits per tree per year; Singapore jack up to 250 fruits/tree; Sindhoor bears 11-12 kg fruits twice a year; Pechiparai 1-A average fruit weight 9-10 kg
Mandarin orange,Fruits,,,,Requires deep soil rich in humus; cannot withstand waterlogging; needs regions with good drainage,,July-August (planting),High Hills,Subtropical fruit growing in the high ranges of Kerala,Not specified (propagated on rough lemon/jambhiri rootstock via budding),
Mango,Fruits,mango,Mango,horticultural_fruits,Adaptable to a wide range of soil conditions,,Onset of monsoon showers (or August-September in heavy rainfall areas),General (all zones),Adaptable to a wide range of climate; grows well from sea level up to about 1500 m MSL; withstands both fairly dry conditions and heavy rainfall,Alphonso; Kalapady; Neelum; Mundappa; Pairi; Baneshan; Alampur Baneshan; Mulgoa; Suvarnarekha; Bangalora; Bennet Alphonso (Sindhuram); Prior (Priyur); Muvandan; Vellaikolamban (Kolambu mavu); Chandrakaran (Juicy); Hybrid No.45; Hybrid No.87; Hybrid No.151; Ratna,
Papaya,Fruits,papaya,Papaya,horticultural_fruits,"Prefers a rich, well-drained soil; will not tolerate waterlogging around the trunk",,February-March (seed sowing/nursery raising),General (all zones),Optimum temperature for growth and development is 22-26 deg C; high rainfall and severe summer drought are limiting factors for commercial cultivation in Kerala,Washington; Honey Dew; Coorg Honey Dew; Solo; Pusa Dwarf; Surya; Co-7; Pusa Nanha; Pusa Giant; Co-2; Co-5,
Papaya,Fruits,papaya,Papaya,horticultural_fruits,"Prefers a rich, well-drained soil; will not tolerate waterlogging around the trunk",,May-June (transplanting to field),General (all zones),Optimum temperature for growth and development is 22-26 deg C,Washington; Honey Dew; Coorg Honey Dew; Solo; Pusa Dwarf; Surya; Co-7; Pusa Nanha; Pusa Giant; Co-2; Co-5,25-30 fruits harvested per tree per year
Pineapple,Fruits,pineapple,Pineapple,horticultural_fruits,"Grown in a wide range of soils, but does not tolerate waterlogging",,May-June (Kew - main planting season),General (all zones),"Mostly grown at low elevations with a temperature range of 15-30 deg C; tolerant to drought; wide rainfall range of 600-2500 mm/annum, optimum 1000-1500 mm",Kew,
Pineapple,Fruits,pineapple,Pineapple,horticultural_fruits,Grown in a wide range of soils; suitable also for wetlands/lowlands with proper drainage,,April-May and August-September (Mauritius; can be planted all months except heavy rain of June-July),General (all zones),Mostly grown at low elevations with a temperature range of 15-30 deg C,Mauritius,
Sapota,Fruits,,,,"Can be grown in all types of soil, but well drained soil is necessary for good growth",,May-June (planting),General (all zones),Requires a temperature range of 11-34 deg C and an annual precipitation of 225-375 cm,Cricket Ball; Oval; Kalipatti; Badami; Baramasi; Calcutta Round; Pala; PKM-1,
Strawberry,Fruits,,,,Grows on a variety of soils ranging from heavy clay to gravelly soils; grows best in light porous soils rich in humus,5.9-6.5,Last week of September (planting),High Hills,"Best suited to a cool climate; in Kerala, strawberry cultivation is associated with high-range, cooler-climate tracts",Winter Dawn; Sweet Charlie; Chandler,5-10 t/ha average yield
West Indian Cherry,Fruits,,,,"Prefers a rich, well drained soil; best suited as a homestead fruit crop",,July to December (planting),General (all zones),Medium sized shrub that thrives well in tropical climate,Pink flower type; White flower type,Average yield during the fourth year is 2 kg per plant
Apple,Fruits,,,,"Ideal soil types are loam, sandy loam and silt loam with open porous and well-drained subsoil; sloping sites preferred over level tops",,Late winter (planting),High Hills,Important temperate fruit suited for growing in the high ranges of Kerala; low chilling varieties are suitable; a temperature of 7 deg C is considered ideal for adequate root development,"Crab apple, Yellow Newton and Golden Delicious used as rootstock for budding/grafting; low chilling varieties suitable for Kerala (not individually named)",
Anthurium,Ornamental Plants,,,,"Loose growing medium of old and chopped coconut husk (3 cm size) mixed with brick pieces and charcoal, filled in narrow trenches/pots or on ground; pots also filled with same mixture",,,Midland Laterites,"Grown under artificial shade (tolerable light 20-30% in tropics during summer); prefers relative humidity not less than 60% and temperature of not less than 18-28 deg C; excess light causes yellowing/scorching, very low light causes excessive vegetative growth and low flowering",Lima White; Cuba; Agnihotri; Liver Red; Can Can; Tropical; Nitta; Sunburst; Linda-de-Mol; Tinora; Acropolis; Gino Orange; Midori,
Anthurium,Ornamental Plants,,,,"Loose growing medium of old and chopped coconut husk (3 cm size) mixed with brick pieces and charcoal, filled in narrow trenches/pots or on ground; pots also filled with same mixture",,,High Hills,Cultivation in beds is good at higher altitudes (about 1000 m above MSL); prefers relative humidity not less than 60% and temperature of not less than 18-28 deg C; grown under shade,Lima White; Cuba; Agnihotri; Liver Red; Can Can; Tropical; Nitta; Sunburst; Linda-de-Mol; Tinora; Acropolis; Gino Orange; Midori,
Orchids,Ornamental Plants,,,,"Grown as epiphytes on old coconut husks (dried, in long beds), slotted wooden baskets filled with dried coconut husk/burnt charcoal, benches above ground, or in mud pots filled with tile bits, chopped coconut husk or charcoal (no soil medium)",,,General (all zones),"Ideal location is open conditions under appropriate level of shade (in Kerala some orchids grown under shade of old coconut trees); humid and warm atmosphere with atmospheric humidity 50-80 per cent is congenial; classified as tropical, subtropical and temperate orchids requiring proper temperature and shade/light regulation for good growth and flowering; plants grown under deep shade have good vegetative growth but poor flowering","Arachnis; Aranthera; Vanda; Phalaenopsis; Aranda; Mokara; Dendrobium; Cattleya; Oncidium; Dendrobium varieties - Purple and white: Sonia 17, Sonia 28, Sonia Bom Jo, Earsakul; Purple: Renappa, New Wanee, Sabine Red, Jurie Red, Master Delight, Velvet Soft; White: Emma White, Fairy White, Kasem White, Snow White; Pink: Sakura Pink, New Pink, Lemon Glow, Pink Cascade; Yellow: Sherifa Fatimah, Kasem Gold, Tongchai Gold; Magenta: Deep Blush",
Jasmine,Ornamental Plants,,,,"Wide range of soils; well-drained sandy loams and red loamy soils are ideal; in clayey soils there is increased vegetative growth and reduced flowering, but good yield under low rainfall conditions",,June-August,General (all zones),,"Jasminum sambac: Gundumalli, Motia, Virupakshi, Sujimalli, Madanabanam, Ramabanam; Jasminum grandiflorum: Co-1 Pitchi, Co-2 Pitchi, Thimmapuram, Lucknow; Jasminum auriculatum: Co-1 Mulla, Co-2 Mulla, Long Point, Long Round, Short Point, Short Round","J. sambac: flower yield 5 t/ha, oil yield 15.44 kg/ha; J. auriculatum: flower yield 5 t/ha, oil yield 28.00 kg/ha; J. grandiflorum: flower yield 6 t/ha, oil yield 29.00 kg/ha"
Gladiolus,Ornamental Plants,,,,"Can be grown in a wide range of soils, light sandy to clay loam; deep well-drained acidic soils are best for cultivation",5.5-6.5,September-November,General (all zones),,Friendship; Spic and Span; Mansoer Red; Dr. Fleming; Peter Pears; White Friendship; Sapna; Poonam; Nazrana; Apsara; Agnirekha; Mayur; Suchithra; Manmohan; Manohar; Muktha; Archana; Arun; Shobha,Nearly 2 lakh flower spikes per hectare
Tuberose,Ornamental Plants,,,,"Porous, well-drained sandy loam soils are best suited for tuberose cultivation",,May-July,General (all zones),,"Single: Sringar, Culcutta Single, Mexican Single, Suvarna Rekha; Double: Suvasini, Culcutta Double, Pearl; Semi-double type (similar to double but with only 2-3 rows of corolla segments)",Plant crop: 5-10 t/ha; First ratoon: 9-12 t/ha; Second ratoon: 4-6 t/ha
Crossandra,Ornamental Plants,,,,"Can be cultivated in a wide range of soils; fertile, red loamy soils are ideal",6.0-7.5,,General (all zones),,Yellow Orange; Lutea Yellow; Delhi (triploid),5 t/ha
Marigold,Ornamental Plants,,,,Wide range of soils with good drainage is suitable; sandy loam soil is ideal,5.6-6.5,,General (all zones),,"African marigold (Tagetes erecta): Nugget, Show Boat, Red Seven Star, Apricot, Primrose, Sun Giant, Guinea Gold, Fiesta, Golden Yellow, Hawaii, Crown of Gold, Honey Comb, Cupid, Pusa Narangi Gaintha, Pusa Basanti Gaintha; French marigold (Tagetes patula): Nugget, Show Boat, Red Seven Star, Rusty Red, Naughty, Marietta, Flame, Star of India, Harmony",French marigold: 8-12 t/ha; African marigold: 11-18 t/ha
China aster,Ornamental Plants,,,,Could be cultivated on a wide range of soils; well-drained red loamy soil is ideal,,,General (all zones),,Ostrich Plume; Comet; Poornima; Kamini; Sasank; Violet cushion,10-12 t/ha
Eucalyptus,Medicinal and Aromatic Plants,,,,Varied types of soils,,General (planted with onset of SW monsoon),General (all zones),Thrives in tropics and subtropics; high humidity and plenty of rainfall conducive to growth,,Oil recovery 1.5-1.8 per cent of net weight of leaves
Kacholam,Medicinal and Aromatic Plants,,,,Fertile loamy soil with good drainage ideal; laterite soil with heavy organic manure application also suited,,Planting in May (pre-monsoon showers),General (all zones),Adapted for tropical climate,"Rajani, Kasthuri (high yielding); local types also cultivated",More than 2 tonnes dry rhizomes per ha (Rajani/Kasthuri)
Lemongrass,Medicinal and Aromatic Plants,,,,"Poor, gravelly, well-drained soils",,Nursery sown April-May; transplanted with onset of SW monsoon (June-July),General (all zones),Prefers warm climate with well-distributed rainfall,Sugandhi (improved variety); OD-19,"First year: ~10 t/ha grass, ~28 kg oil/ha. From second year: ~25 t/ha grass, ~75 kg oil/ha"
Palmarosa,Medicinal and Aromatic Plants,,,,Adapted to marginal areas and poor soils,,Seedbed prepared after 15th April; seeds sown latest by August,General (all zones),,ODP-1 (Amaravathy type),Oil recovery 0.40-0.45 per cent (ODP-1)
Vetiver,Medicinal and Aromatic Plants,,,,"Grows in almost all soils; rich, fairly well-drained sandy loam best",,Planting June-July,General (all zones),Warm climate; annual rainfall 100-200 cm; temperature 25-40 degrees C; moderate humidity,"South Indian type (Nilambur type ODV-3), North Indian type (khus), Bhoomika",5 t/ha root yield; 20-30 kg oil per ha (ODV-3)
Chethikoduveli,Medicinal and Aromatic Plants,,,,,,Planting June-July,General (all zones),,"Mridhula, Agni, KAU Swathi","KAU Swathi: root yield 18.42 t/ha fresh weight, moderate plumbagin content 0.51 per cent"
Neela amari,Medicinal and Aromatic Plants,,,,,,September-October (sowing),General (all zones),,,
Chengazhinirkizhangu,Medicinal and Aromatic Plants,,,,Moist loamy soil ideal; laterite soil with heavy organic manure application also suited,,Optimum planting with receipt of pre-monsoon showers in May-June,General (all zones),"Grows wild in wet, humid or shaded forest ecosystems",Only local types available,12-15 t/ha
Kasthurimanjal,Medicinal and Aromatic Plants,,,,Well-drained rich loamy soils ideal,,General,General (all zones),Grown in areas with good rainfall,Only local types available,
Chittaratha,Medicinal and Aromatic Plants,,,,Well-drained hilly areas and places up to 1400 m altitude; fertile red loams to forest soils suitable,,Rainfed crop planted with onset of monsoon in May-June; irrigated crop can be planted at any time,General (all zones),Tropical climate,Only local types available,"Average fresh rhizome yield 23 t/ha (25 per cent recovery on drying); oil recovery 0.22 per cent fresh weight basis, 0.93 per cent dry weight basis"
Nilappana,Medicinal and Aromatic Plants,,,,"Moist humus-rich soils, laterite soil especially in shady forest areas",,Rainfed crop planted with onset of monsoon in May-June; irrigated crop can be planted any time,General (all zones),Found from near sea level to 2300 m altitude,Only local types available,Fresh rhizome yield 3-4 t/ha; dried rhizome yield 1-1.5 t/ha (35-45 per cent driage)
Jeevakom,Medicinal and Aromatic Plants,,,,,,May-June (with receipt of summer showers),High Hills,Occurs at altitudes ranging from 650 to 1000 m above MSL in Kerala; prefers 50-75 per cent shade,Only local cultivars (ecotypes) available,Total yield from a bed is 6.0 kg per 3 sq.m
Adapathiyan,Medicinal and Aromatic Plants,,,,Well-drained hilly areas with underlying hard pan good; fertile red loams to forest soils suitable,,Rainfed crop planted with onset of monsoon in May-June; irrigated crop can be planted any time,General (all zones),,"Jeeva (high yielding, purple colored stem)",Jeeva yields 4.5 t/ha fresh tubers; dry tuber yield about 1.5 t/ha
Asoka,Medicinal and Aromatic Plants,,,,Wide range of soils,,Planted with onset of monsoon in May-June,General (all zones),Well-distributed rainfall and slightly shady areas,"Aswani-1 (improved variety,  high bark yield); local varieties also cultivated",
Kanjiram,Medicinal and Aromatic Plants,,,,"Different soil types such as laterite, sandy and alluvial",,Planted with onset of SW monsoon in May-June,General (all zones),Tropical and subtropical climate,,50-75 kg dry seed per tree per year
Thippali,Medicinal and Aromatic Plants,,,,"Fertile, loamy soil with good drainage ideal; sandy soil with high organic content also well suited",,Planted during May-June after receipt of 4-5 pre-monsoon showers,General (all zones),Highly adapted for warm humid tropical climate,Viswam (recommended for higher spike yield),800-850 kg dry spikes per ha in open condition; 350-400 kg in coconut gardens (second year)
Neem,Medicinal and Aromatic Plants,,,,Well-drained loamy soils suitable,,General,General (all zones),Well distributed throughout the tropics and subtropics,,
Pathimugham,Medicinal and Aromatic Plants,,,,"Any type of soil, but cannot tolerate waterlogging",,Onset of South West monsoon,General (all zones),,,About 20 kg heart wood obtained on average from a single plant
Chittadalotakam,Medicinal and Aromatic Plants,,,,Well-drained loamy soils best suited,,General,General (all zones),,"Ajagandhi, Vasika",
Koovalam,Medicinal and Aromatic Plants,,,,,,General,General (all zones),,"North Indian type, South Indian type (North Indian type suitable for cultivation)",
Thulasi,Medicinal and Aromatic Plants,,,,Well-drained soil; cannot tolerate waterlogging,,General,General (all zones),,,
Karinochi,Medicinal and Aromatic Plants,,,,,,General,General (all zones),,,
Kattarvazha,Medicinal and Aromatic Plants,,,,Grown in open areas receiving good amount of sunlight,,General,General (all zones),,,
Arrow root,Medicinal and Aromatic Plants,arrowroot; arrowroot_tuber,Arrowroot; Arrowroot,agricultural; horticultural_tubers,,,General,General (all zones),,,
Danthappala,Medicinal and Aromatic Plants,,,,Well-drained forest soil and laterite loamy soils suitable,,General,General (all zones),,,
Brahmi,Medicinal and Aromatic Plants,,,,"Moist and marshy areas; comes up well on borders of water channels, wells and irrigated fields",,General,General (all zones),,,
Kurumthotti,Medicinal and Aromatic Plants,,,,Prefers open condition for maximum yield and quality,,September-October (planting),General (all zones),,,
Guinea grass,Fodder Crops,,,,"Well-drained light textured soil, preferably sandy loams or loams, better suited to medium to highly fertile loams; cannot tolerate heavy clays or prolonged waterlogging; adapted to a wide range of soils",,"Onset of south west monsoon (May-June); as irrigated crop, any time of year",General (all zones),15 to 38 degrees C; grows from sea level to 1800 m altitude,Makueni; Riversdale; Hamil; PGG-4; FR-600; Haritha; Marathakom; Harithasree,80-100 t/ha/year green fodder
Gamba grass,Fodder Crops,,,,Avoids heavy soil,,General,General (all zones),Tolerates drought; suits areas where dry season lasts about five months; tolerates deep seasonal flooding,,"50-80 t/ha green matter in the first year, slight increase from second year onwards"
Setaria grass,Fodder Crops,,,,Comes up in a variety of soil types; grass flourishes in moist but not wet soils; well drained at establishment,,Rainy season (rainfed sowing); February to November if irrigation facilities available,General (all zones),"Grows well at 20 to 25 degrees C; under annual rainfall over 750 mm, vigorously at 1000-1500 mm",Nandi; Narok; Kazungula,25-40 t/ha/year green fodder rainfed; 75-150 t/ha/year irrigated
Hybrid napier,Fodder Crops,,,,Grows on a variety of soils; light loams and sandy soils preferred to heavy soils; does not thrive on waterlogged and flood-prone lands; phenomenal yields from very deep fertile soil rich in organic matter,5 to 8,Onset of southwest monsoon,General (all zones),Optimum temperature about 31 degrees C; total water requirement about 800-1000 mm,Pusa Giant Napier; Gajraj; NB-5; NB-6; NB-21; NB-35; Suguna; Supriya,200-250 t/ha/year green fodder from 6-8 cuttings
Para grass,Fodder Crops,,,,"Thrives best on highly fertile clay loam to clayey textured soils with high moisture retention capacity; can be grown on sandy soils with good irrigation; tolerates saline or sodic soil conditions; grows well on field bunds, banks of streams and canals, lowlands and soils too wet for normal farm crops",Slightly acid to alkaline,Any time other than winter months; rainfed crop planted with the first monsoon showers,General (all zones),"Hot and humid climate; annual rainfall 1000 to 1500 mm; sensitive to cold, makes no growth during winter months",,Annual yield of about 70 t/ha
Congosignal grass,Fodder Crops,,,,Can be grown in almost all types of soils but cannot tolerate waterlogging; tolerates shade,,May-June and September-October (with onset of rains),General (all zones),Prefers a warm moist tropical climate,,35-45 t/ha green fodder rainfed; 50-100 t/ha under irrigated conditions
Subabul,Fodder Crops,,,,"Requires a deep, well-drained neutral soil; can tolerate saline and acid soil; can be grown on steep slopes, hilly terrains, gravelly areas and sandy loams; cannot withstand waterlogging",Neutral soil (tolerates saline and acid soils),Onset of rains in May-June or September-October,General (all zones),"Best suited for warm regions, 22 to 30 degrees C; regions of 500 to 2000 mm annual rainfall; restricted to elevations below 500 m",Hawaiian type (K-341); Salvador type (K-8); Peru; Cunningham,25-30 t/ha/year in gravelly soil and low rainfall areas; up to 100 t/ha/year green fodder under irrigation
Hedge lucerne,Fodder Crops,,,,,,General,General (all zones),Native of tropics and subtropics of the New World,,40-70 t/ha/year green fodder
Agathi,Fodder Crops,,,,,,General,General (all zones),Adapted to the moist tropics with annual rainfall in excess of 1000 mm,,Average wood yield of 20-25 cubic m per ha (fast-growth biomass figure; no green fodder yield stated)
Shevri,Fodder Crops,,,,Sub-marginal lands not suited for agricultural purposes,,General,General (all zones),,,Green fodder yield of 12 t/ha/year when cut at 50 cm height at 60-day intervals
Fodder cowpea,Fodder Crops,,,,"Grown on a wide range of soils from heavy to sandy loam; saline, alkaline or waterlogged soils should be avoided; heavy clays encourage vegetative growth with less seed production",5.0 to 6.5,Rainfed crop during May; raised as summer crop in rice fallows in Kerala; can be grown in any month with irrigation facilities,General (all zones),Optimum temperature 15 to 27 degrees C; grown up to 1500 m elevation,Karnataka local; RS-9; UPC-1956; UPC-5287; UPC-9805,25-30 t/ha green matter (single cut); 40 t/ha (multi-cut)
Stylo,Fodder Crops,,,,"Thrives well in light soils due to deep rooting system; suited to acid soils, gravelly sandy soils and ill-drained soils",,Sowing with onset of south-west monsoon during May-June,General (all zones),"Warm, humid tropical climate; areas receiving less than 1000 mm rainfall; Brazilian lucerne (S. guianensis) suited to areas receiving 900 to 4000 mm rainfall",Brazilian lucerne (cvs. Schofield; Cook; Endeavour; Graham); Townsville stylo; Caribbean stylo (cv. Verano); Shrubby stylo (cvs. Seca; Fitzroy),25-30 t/ha green fodder per year
Fodder maize,Fodder Crops,,,,Soils with good drainage and fair moisture status,,"Last week of June to second week of July, and September to October; can be raised throughout the year where irrigation facilities are available",General (all zones),Grows best in warm climate; heavy rains and dry hot winds not suitable; favourable annual rainfall 60-100 cm,,
Fodder sorghum,Fodder Crops,,,,All soils except sandy soils,,Can be raised during both monsoons,General (all zones),Fairly drought resistant; suited for areas where moisture is a limiting factor for crop growth,M.P.Chari; MPKV-1; JS-20; S-1049; JS-3,
Sun hemp,Green Manure Crops,,,,Does not withstand waterlogging,,Incorporated at 10 weeks after sowing,General (all zones),,,"Green matter yield of 15-20 t/ha, equivalent to 150-180 kg N/ha, within 8-10 weeks"
Daincha,Green Manure Crops,,,,"Sesbania aculeata adapts to varying soil and climatic conditions including drought, waterlogging and salinity; Sesbania rostrata thrives well under waterlogged conditions",,Incorporated about 8-10 weeks after sowing (S. aculeata),General (all zones),,Sesbania aculeata; Sesbania rostrata,Green matter yield of 10-20 t/ha; nitrogen fixed 75-80 kg/ha (S. aculeata)
Wild indigo,Green Manure Crops,,,,Suitable for light soils; resists drought but does not withstand water stagnation,,General,General (all zones),,,Green matter yield of 8-10 t/ha
Indigo,Green Manure Crops,,,,Better yield obtained when grown in clayey soil,,General,General (all zones),Shows resistance to drought,,Green matter production of 8-10 t/ha
Gliricidia,Green Leaf Manure Crops,,,,,,General,General (all zones),,,"5 to 10 kg green leaves per plant annually (per-plant figure, not expressed as t/ha)"
Subabul,Green Leaf Manure Crops,,,,See Fodder Crops entry for Subabul,,See Fodder Crops,General (all zones),,,Fixes about 500-600 kg N/ha per year; leaves contain 3-4 per cent N (see Fodder Crops group for green fodder yield figures)
Cassia,Green Leaf Manure Crops,,,,,,General,General (all zones),,,
Ailanthus or Matti,Agroforestry,,,,,,Onset of rains (June planting; also Oct-Nov planting option),General (all zones),,,
Casuarina,Agroforestry,,,,Sandy soils low in nitrogen; wide adaptability from arid regions to coastal zones,,Onset of monsoon (site prep/planting); nursery sown Nov-Dec,Coastal Plain,Thrives best on sandy soils; grown from arid regions to coastal zones,,Fuelwood yield 10-20 tonnes/ha/year on 7-10 year rotations; high density plantations; growth rate about 1.2 to 1.5 m per annum during initial seven to eight years
Eucalyptus,Agroforestry,,,,"E. grandis: deep, permanently moist, well-drained soils; E. tereticornis: moist, well-drained loamy sands/alluvial loams, tolerates some salinity; strongly acid soils ill-suited",,Beginning of rains (planting),Midland Laterites,E. grandis is an important timber species in low-altitudinal zones and E. tereticornis in mid-altitudinal zones of the state,,
Mangium,Agroforestry,,,,"Well-drained, fertile soils",,General (planting timing not separately specified; nursery Jan-Feb pod collection),General (all zones),Shows most vigorous growth in high rainfall areas (>2000 mm annually) in humid tropics,,Average wood yield per tree on 15-year rotation is about 0.7 to 1.0 m3
Teak,Agroforestry,,,,Well-drained fertile soil,,Pre-monsoon stump planting April-May; onset of SW monsoon June-July for containerized stock,General (all zones),Prefers warm moist tropical climate with mean annual precipitation of 1100-2000 mm,,
Thorny bamboo,Agroforestry,,,,,,Immediately before the rainy season (planting),General (all zones),,,
Wild jack or Aini,Agroforestry,,,,,,Monsoon season (collection and planting of wildings),General (all zones),,,
Rosewood,Agroforestry,,,,"Deep, moist soil",,Before onset of monsoon (planting); nursery sowing during rainy season,High Hills,Attains maximum growth in the southern region of the Western Ghats; Wayanad district (hilly terrain) is famous for abundance of rosewood,,
Sandal,Agroforestry,,,,Grows on a variety of soils; sandy soil produces more fragrant wood,,General (all zones),General (all zones),Found from sea level up to about 1800 m elevation; best suited where average annual rainfall is about 700-1600 mm,,
Kampakam,Agroforestry,,,,Heavy rainfall and properly drained and aerated soil; abundant along river banks and hill slopes with fertile soil,,Onset of monsoon (planting); sowing soon after seed collection,High Hills,"Found in wet evergreen forests of Western Ghats, distributed in areas between sea level and 1100 m above sea level",,
Irul,Agroforestry,,,,Grows well in river banks and places with red soil; lateritic soil also good; poor growth in clay soil,,General (all zones),Foothills,Mostly found in places located about 600 m above sea level; grows well where annual rainfall is above 1000 mm and atmosphere is hot and humid,,
Mahagony,Agroforestry,,,,Fertile laterite soil,,Onset of monsoon; planting June-July,General (all zones),Abundant growth occurs in places with average annual rainfall of 1500-5000 mm,,
Thembavu,Agroforestry,,,,Clayey soil (suitable for afforestation in open places),,Onset of monsoon (planting),High Hills,Grows well in places located at about 800 m above sea level,,
Venga,Agroforestry,,,,Grown in almost all types of soils; good drainage essential; pits filled with red soil,,Before onset of monsoon (site prep); planting along SW monsoon,High Hills,Found in Kerala in regions located about 1070 m above sea level; regions with rainfall of 75-200 cm are best suited,,
Chadachi,Agroforestry,,,,Grows well on soil best suited for teak plantations,,Planting and management similar to Venga (before onset of monsoon),High Hills,"Remarkable growth (24 m height, 2 m diameter) seen in trees growing along the Western Ghats",,
Punna,Agroforestry,,,,Sandy and alluvial soils,,Monsoon season (planting),Coastal Plain,Best suited for protecting sea shores; mostly distributed along sea shores and in tropical evergreen forests,,
